,Location,Date Scraped,Vistor Visa Times,Student & Vistor Exchange Visa Times,All Other Non-Immigrant Visa Times
0,Abidjan,2022-03-13,303,213,191
1,Abu Dhabi,2022-03-13,240,90,20
2,Accra,2022-03-13,654,276,654
3,Addis Ababa,2022-03-13,561,185,185
4,Algiers,2022-03-13,78,23,7
5,Almaty,2022-03-13,239,3,2
6,Amman,2022-03-13,721,86,721
7,Amsterdam,2022-03-13,240,72,168
8,Ankara,2022-03-13,Emergency Appointments Only,Emergency Appointments Only,Emergency Appointments Only
9,Antananarivo,2022-03-13,21,21,21
10,Ashgabat,2022-03-13,Emergency Appointments Only,Emergency Appointments Only,Emergency Appointments Only
11,Asmara,2022-03-13,7,7,7
12,Asuncion,2022-03-13,202,14,6
13,Athens,2022-03-13,999,7,10
14,Auckland,2022-03-13,Emergency Appointments Only,Emergency Appointments Only,Emergency Appointments Only
15,Baghdad,2022-03-13,Closed,Closed,Closed
16,Bangkok,2022-03-13,120,7,7
17,Banjul,2022-03-13,120,21,21
18,Beirut,2022-03-13,318,21,1
19,Belgrade,2022-03-13,180,8,60
20,Belmopan,2022-03-13,51,27,31
21,Bern,2022-03-13,72,35,35
22,Beirut,2022-03-13,318,21,1
23,Bishkek,2022-03-13,86,30,86
24,Bogota,2022-03-13,703,29,30
25,Bratislava,2022-03-13,Emergency Appointments Only,Emergency Appointments Only,Emergency Appointments Only
26,Brazzaville,2022-03-13,30,30,30
27,Bridgetown,2022-03-13,465,1,1
28,Brussels,2022-03-13,180,7,21
29,Bucharest,2022-03-13,Emergency Appointments Only,Emergency Appointments Only,Emergency Appointments Only
30,Budapest,2022-03-13,Emergency Appointments Only,Emergency Appointments Only,Emergency Appointments Only
31,Buenos Aires,2022-03-13,494,7,7
32,Bujumbura,2022-03-13,3,3,3
33,Cairo,2022-03-13,420,5,5
34,Calgary,2022-03-13,149,27,147
35,Cape Town,2022-03-13,161,16,59
36,Caracas,2022-03-13,Temporarily Closed,Temporarily Closed,Temporarily Closed
37,Casablanca,2022-03-13,113,8,113
38,Chisinau,2022-03-13,329,23,70
39,Ciudad Juarez,2022-03-13,703,3,3
40,Colombo,2022-03-13,100,4,100
41,Cotonou,2022-03-13,90,90,90
42,Dakar,2022-03-13,210,10,210
43,Damascus,2022-03-13,Temporarily Closed,Temporarily Closed,Temporarily Closed
44,Dar es Salaam,2022-03-13,77,18,77
45,Dhaka,2022-03-13,177,177,36
46,Djibouti,2022-03-13,200,90,90
47,Doha,2022-03-13,107,2,3
48,Dubai,2022-03-13,104,90,95
49,Dublin,2022-03-13,133,1,28
50,Frankfurt,2022-03-13,157,2,2
51,Freetown,2022-03-13,37,37,37
52,Georgetown,2022-03-13,585,1,1
53,Guangzhou,2022-03-13,4,4,4
54,Guatemala City,2022-03-13,968,1,1
55,Guayaquil,2022-03-13,634,1,1
56,Hamilton,2022-03-13,120,30,90
57,Havana,2022-03-13,Temporarily Closed,Temporarily Closed,Temporarily Closed
58,Helsinki,2022-03-13,138,25,44
59,Ho Chi Minh City,2022-03-13,333,105,68
60,Hong Kong,2022-03-13,Emergency Appointments Only,Emergency Appointments Only,Emergency Appointments Only
61,Harare,2022-03-13,74,74,74
62,Islamabad,2022-03-13,435,5,3
63,Jakarta,2022-03-13,50,6,35
64,Jerusalem,2022-03-13,130,2,2
65,Johannesburg,2022-03-13,60,14,21
66,Kabul,2022-03-13,Closed,Closed,Closed
67,Kampala,2022-03-13,239,217,239
68,Kathmandu,2022-03-13,Emergency Appointments Only,Emergency Appointments Only,Emergency Appointments Only
69,Khartoum,2022-03-13,Emergency Appointments Only,Emergency Appointments Only,Emergency Appointments Only
70,Kigali,2022-03-13,300,70,70
71,Kingston,2022-03-13,670,1,4
72,Kinshasa,2022-03-13,420,6,420
73,Kuala Lumpur,2022-03-13,10,8,28
74,Kuwait City,2022-03-13,4,4,4
75,Kyiv,2022-03-13,Closed,Closed,Closed
76,Lagos,2022-03-13,824,345,34
77,La Paz,2022-03-13,92,1,1
78,Libreville,2022-03-13,22,22,22
79,Lilongwe,2022-03-13,39,39,39
80,Lima,2022-03-13,380,14,14
81,Ljubljana,2022-03-13,45,28,28
82,Lome,2022-03-13,60,60,60
83,London,2022-03-13,190,14,60
84,Luanda,2022-03-13,10,5,1
85,Lusaka,2022-03-13,16,9,16
86,Madrid,2022-03-13,28,30,28
87,Managua,2022-03-13,143,3,24
88,Manama,2022-03-13,26,4,5
89,Manila,2022-03-13,324,45,19
90,Monrovia,2022-03-13,365,90,90
91,Montevideo,2022-03-13,288,2,7
92,Montreal,2022-03-13,Emergency Appointments Only,Emergency Appointments Only,Emergency Appointments Only
93,Moscow,2022-03-13,Emergency Appointments Only,Emergency Appointments Only,Emergency Appointments Only
94,Mumbai,2022-03-13,940,2,8
95,Muscat,2022-03-13,11,11,11
96,Naha,2022-03-13,4,11,4
97,Nairobi,2022-03-13,525,184,1
98,Naples,2022-03-13,14,14,14
99,Nassau,2022-03-13,72,7,72
100,New Delhi,2022-03-13,268,25,299
101,Niamey,2022-03-13,90,90,90
102,Nicosia,2022-03-13,130,7,130
103,Oslo,2022-03-13,164,9,9
104,Ouagadougou,2022-03-13,90,90,90
105,Panama City,2022-03-13,482,12,12
106,Paramaribo,2022-03-13,60,2,60
107,Paris,2022-03-13,217,13,12
108,Phnom Penh,2022-03-13,14,14,14
109,Prague,2022-03-13,205,10,35
110,Praia,2022-03-13,Emergency Appointments Only,Emergency Appointments Only,Emergency Appointments Only
111,Pristina,2022-03-13,145,22,145
112,Port Au Prince,2022-03-13,365,1,7
113,Port Moresby,2022-03-13,1,1,1
114,Port of Spain,2022-03-13,85,25,28
115,Rangoon,2022-03-13,Emergency Appointments Only,Emergency Appointments Only,Emergency Appointments Only
116,Reykjavik,2022-03-13,30,30,30
117,Riga,2022-03-13,3,2,1
118,Rio de Janeiro,2022-03-13,155,1,2
119,Riyadh,2022-03-13,16,9,16
120,Sanaa,2022-03-13,Temporarily Closed,Temporarily Closed,Temporarily Closed
121,San Jose,2022-03-13,491,9,128
122,San Salvador,2022-03-13,336,2,2
123,Santiago,2022-03-13,724,36,38
124,Santo Domingo,2022-03-13,750,24,7
125,Sarajevo,2022-03-13,150,15,15
126,Seoul,2022-03-13,50,35,16
127,Singapore,2022-03-13,7,1,2
128,Skopje,2022-03-13,710,710,710
129,Sofia,2022-03-13,60,7,7
130,Stockholm,2022-03-13,378,8,58
131,Suva,2022-03-13,3,2,3
132,Sydney,2022-03-13,300,62,181
133,Taipei,2022-03-13,3,3,5
134,Tallinn,2022-03-13,28,10,10
135,Tashkent,2022-03-13,70,15,15
136,Tbilisi,2022-03-13,681,58,9
137,Tegucigalpa,2022-03-13,827,8,10
138,Tel Aviv,2022-03-13,251,1,1
139,Tirana,2022-03-13,586,8,8
140,Tokyo,2022-03-13,1,1,1
141,Tunis,2022-03-13,90,7,7
142,Ulaanbaatar,2022-03-13,212,6,27
143,Vancouver,2022-03-13,414,10,422
144,Vienna,2022-03-13,170,18,32
145,Vientiane,2022-03-13,7,7,7
146,Vilnius,2022-03-13,50,6,20
147,Warsaw,2022-03-13,134,46,46
148,Yaounde,2022-03-13,3,27,27
149,Yerevan,2022-03-13,631,493,78
150,Zagreb,2022-03-13,185,2,3
0,Abidjan,2022-03-12,303,213,191
1,Abu Dhabi,2022-03-12,240,90,20
2,Accra,2022-03-12,654,276,654
3,Addis Ababa,2022-03-12,561,185,185
4,Algiers,2022-03-12,78,23,7
5,Almaty,2022-03-12,239,3,2
6,Amman,2022-03-12,721,86,721
7,Amsterdam,2022-03-12,240,72,168
8,Ankara,2022-03-12,Emergency Appointments Only,Emergency Appointments Only,Emergency Appointments Only
9,Antananarivo,2022-03-12,21,21,21
10,Ashgabat,2022-03-12,Emergency Appointments Only,Emergency Appointments Only,Emergency Appointments Only
11,Asmara,2022-03-12,7,7,7
12,Asuncion,2022-03-12,202,14,6
13,Athens,2022-03-12,999,7,10
14,Auckland,2022-03-12,Emergency Appointments Only,Emergency Appointments Only,Emergency Appointments Only
15,Baghdad,2022-03-12,Closed,Closed,Closed
16,Bangkok,2022-03-12,120,7,7
17,Banjul,2022-03-12,120,21,21
18,Beirut,2022-03-12,318,21,1
19,Belgrade,2022-03-12,180,8,60
20,Belmopan,2022-03-12,51,27,31
21,Bern,2022-03-12,72,35,35
22,Beirut,2022-03-12,318,21,1
23,Bishkek,2022-03-12,86,30,86
24,Bogota,2022-03-12,703,29,30
25,Bratislava,2022-03-12,Emergency Appointments Only,Emergency Appointments Only,Emergency Appointments Only
26,Brazzaville,2022-03-12,30,30,30
27,Bridgetown,2022-03-12,465,1,1
28,Brussels,2022-03-12,180,7,21
29,Bucharest,2022-03-12,Emergency Appointments Only,Emergency Appointments Only,Emergency Appointments Only
30,Budapest,2022-03-12,Emergency Appointments Only,Emergency Appointments Only,Emergency Appointments Only
31,Buenos Aires,2022-03-12,494,7,7
32,Bujumbura,2022-03-12,3,3,3
33,Cairo,2022-03-12,420,5,5
34,Calgary,2022-03-12,149,27,147
35,Cape Town,2022-03-12,161,16,59
36,Caracas,2022-03-12,Temporarily Closed,Temporarily Closed,Temporarily Closed
37,Casablanca,2022-03-12,113,8,113
38,Chisinau,2022-03-12,329,23,70
39,Ciudad Juarez,2022-03-12,703,3,3
40,Colombo,2022-03-12,100,4,100
41,Cotonou,2022-03-12,90,90,90
42,Dakar,2022-03-12,210,10,210
43,Damascus,2022-03-12,Temporarily Closed,Temporarily Closed,Temporarily Closed
44,Dar es Salaam,2022-03-12,77,18,77
45,Dhaka,2022-03-12,177,177,36
46,Djibouti,2022-03-12,200,90,90
47,Doha,2022-03-12,107,2,3
48,Dubai,2022-03-12,104,90,95
49,Dublin,2022-03-12,133,1,28
50,Frankfurt,2022-03-12,157,2,2
51,Freetown,2022-03-12,37,37,37
52,Georgetown,2022-03-12,585,1,1
53,Guangzhou,2022-03-12,4,4,4
54,Guatemala City,2022-03-12,968,1,1
55,Guayaquil,2022-03-12,634,1,1
56,Hamilton,2022-03-12,120,30,90
57,Havana,2022-03-12,Temporarily Closed,Temporarily Closed,Temporarily Closed
58,Helsinki,2022-03-12,138,25,44
59,Ho Chi Minh City,2022-03-12,333,105,68
60,Hong Kong,2022-03-12,Emergency Appointments Only,Emergency Appointments Only,Emergency Appointments Only
61,Harare,2022-03-12,74,74,74
62,Islamabad,2022-03-12,435,5,3
63,Jakarta,2022-03-12,50,6,35
64,Jerusalem,2022-03-12,130,2,2
65,Johannesburg,2022-03-12,60,14,21
66,Kabul,2022-03-12,Closed,Closed,Closed
67,Kampala,2022-03-12,239,217,239
68,Kathmandu,2022-03-12,Emergency Appointments Only,Emergency Appointments Only,Emergency Appointments Only
69,Khartoum,2022-03-12,Emergency Appointments Only,Emergency Appointments Only,Emergency Appointments Only
70,Kigali,2022-03-12,300,70,70
71,Kingston,2022-03-12,670,1,4
72,Kinshasa,2022-03-12,420,6,420
73,Kuala Lumpur,2022-03-12,10,8,28
74,Kuwait City,2022-03-12,4,4,4
75,Kyiv,2022-03-12,Closed,Closed,Closed
76,Lagos,2022-03-12,824,345,34
77,La Paz,2022-03-12,92,1,1
78,Libreville,2022-03-12,22,22,22
79,Lilongwe,2022-03-12,39,39,39
80,Lima,2022-03-12,380,14,14
81,Ljubljana,2022-03-12,45,28,28
82,Lome,2022-03-12,60,60,60
83,London,2022-03-12,190,14,60
84,Luanda,2022-03-12,10,5,1
85,Lusaka,2022-03-12,16,9,16
86,Madrid,2022-03-12,28,30,28
87,Managua,2022-03-12,143,3,24
88,Manama,2022-03-12,26,4,5
89,Manila,2022-03-12,324,45,19
90,Monrovia,2022-03-12,365,90,90
91,Montevideo,2022-03-12,288,2,7
92,Montreal,2022-03-12,Emergency Appointments Only,Emergency Appointments Only,Emergency Appointments Only
93,Moscow,2022-03-12,Emergency Appointments Only,Emergency Appointments Only,Emergency Appointments Only
94,Mumbai,2022-03-12,940,2,8
95,Muscat,2022-03-12,11,11,11
96,Naha,2022-03-12,4,11,4
97,Nairobi,2022-03-12,525,184,1
98,Naples,2022-03-12,14,14,14
99,Nassau,2022-03-12,72,7,72
100,New Delhi,2022-03-12,268,25,299
101,Niamey,2022-03-12,90,90,90
102,Nicosia,2022-03-12,130,7,130
103,Oslo,2022-03-12,164,9,9
104,Ouagadougou,2022-03-12,90,90,90
105,Panama City,2022-03-12,482,12,12
106,Paramaribo,2022-03-12,60,2,60
107,Paris,2022-03-12,217,13,12
108,Phnom Penh,2022-03-12,14,14,14
109,Prague,2022-03-12,205,10,35
110,Praia,2022-03-12,Emergency Appointments Only,Emergency Appointments Only,Emergency Appointments Only
111,Pristina,2022-03-12,145,22,145
112,Port Au Prince,2022-03-12,365,1,7
113,Port Moresby,2022-03-12,1,1,1
114,Port of Spain,2022-03-12,85,25,28
115,Rangoon,2022-03-12,Emergency Appointments Only,Emergency Appointments Only,Emergency Appointments Only
116,Reykjavik,2022-03-12,30,30,30
117,Riga,2022-03-12,3,2,1
118,Rio de Janeiro,2022-03-12,155,1,2
119,Riyadh,2022-03-12,16,9,16
120,Sanaa,2022-03-12,Temporarily Closed,Temporarily Closed,Temporarily Closed
121,San Jose,2022-03-12,491,9,128
122,San Salvador,2022-03-12,336,2,2
123,Santiago,2022-03-12,724,36,38
124,Santo Domingo,2022-03-12,750,24,7
125,Sarajevo,2022-03-12,150,15,15
126,Seoul,2022-03-12,50,35,16
127,Singapore,2022-03-12,7,1,2
128,Skopje,2022-03-12,710,710,710
129,Sofia,2022-03-12,60,7,7
130,Stockholm,2022-03-12,378,8,58
131,Suva,2022-03-12,3,2,3
132,Sydney,2022-03-12,300,62,181
133,Taipei,2022-03-12,3,3,5
134,Tallinn,2022-03-12,28,10,10
135,Tashkent,2022-03-12,70,15,15
136,Tbilisi,2022-03-12,681,58,9
137,Tegucigalpa,2022-03-12,827,8,10
138,Tel Aviv,2022-03-12,251,1,1
139,Tirana,2022-03-12,586,8,8
140,Tokyo,2022-03-12,1,1,1
141,Tunis,2022-03-12,90,7,7
142,Ulaanbaatar,2022-03-12,212,6,27
143,Vancouver,2022-03-12,414,10,422
144,Vienna,2022-03-12,170,18,32
145,Vientiane,2022-03-12,7,7,7
146,Vilnius,2022-03-12,50,6,20
147,Warsaw,2022-03-12,134,46,46
148,Yaounde,2022-03-12,3,27,27
149,Yerevan,2022-03-12,631,493,78
150,Zagreb,2022-03-12,185,2,3
151,Abidjan,2022-03-11,303,213,191
152,Abu Dhabi,2022-03-11,240,90,20
153,Accra,2022-03-11,654,276,654
154,Addis Ababa,2022-03-11,561,185,185
155,Algiers,2022-03-11,78,23,7
156,Almaty,2022-03-11,239,3,2
157,Amman,2022-03-11,721,86,721
158,Amsterdam,2022-03-11,240,72,168
159,Ankara,2022-03-11,Emergency Appointments Only,Emergency Appointments Only,Emergency Appointments Only
160,Antananarivo,2022-03-11,21,21,21
161,Ashgabat,2022-03-11,Emergency Appointments Only,Emergency Appointments Only,Emergency Appointments Only
162,Asmara,2022-03-11,7,7,7
163,Asuncion,2022-03-11,202,14,6
164,Athens,2022-03-11,999,7,10
165,Auckland,2022-03-11,Emergency Appointments Only,Emergency Appointments Only,Emergency Appointments Only
166,Baghdad,2022-03-11,Closed,Closed,Closed
167,Bangkok,2022-03-11,120,7,7
168,Banjul,2022-03-11,120,21,21
169,Beirut,2022-03-11,318,21,1
170,Belgrade,2022-03-11,180,8,60
171,Belmopan,2022-03-11,51,27,31
172,Bern,2022-03-11,72,35,35
173,Beirut,2022-03-11,318,21,1
174,Bishkek,2022-03-11,86,30,86
175,Bogota,2022-03-11,703,29,30
176,Bratislava,2022-03-11,Emergency Appointments Only,Emergency Appointments Only,Emergency Appointments Only
177,Brazzaville,2022-03-11,30,30,30
178,Bridgetown,2022-03-11,465,1,1
179,Brussels,2022-03-11,180,7,21
180,Bucharest,2022-03-11,Emergency Appointments Only,Emergency Appointments Only,Emergency Appointments Only
181,Budapest,2022-03-11,Emergency Appointments Only,Emergency Appointments Only,Emergency Appointments Only
182,Buenos Aires,2022-03-11,494,7,7
183,Bujumbura,2022-03-11,3,3,3
184,Cairo,2022-03-11,420,5,5
185,Calgary,2022-03-11,149,27,147
186,Cape Town,2022-03-11,161,16,59
187,Caracas,2022-03-11,Temporarily Closed,Temporarily Closed,Temporarily Closed
188,Casablanca,2022-03-11,113,8,113
189,Chisinau,2022-03-11,329,23,70
190,Ciudad Juarez,2022-03-11,703,3,3
191,Colombo,2022-03-11,100,4,100
192,Cotonou,2022-03-11,90,90,90
193,Dakar,2022-03-11,210,10,210
194,Damascus,2022-03-11,Temporarily Closed,Temporarily Closed,Temporarily Closed
195,Dar es Salaam,2022-03-11,77,18,77
196,Dhaka,2022-03-11,177,177,36
197,Djibouti,2022-03-11,200,90,90
198,Doha,2022-03-11,107,2,3
199,Dubai,2022-03-11,104,90,95
200,Dublin,2022-03-11,133,1,28
201,Frankfurt,2022-03-11,157,2,2
202,Freetown,2022-03-11,37,37,37
203,Georgetown,2022-03-11,585,1,1
204,Guangzhou,2022-03-11,4,4,4
205,Guatemala City,2022-03-11,968,1,1
206,Guayaquil,2022-03-11,634,1,1
207,Hamilton,2022-03-11,120,30,90
208,Havana,2022-03-11,Temporarily Closed,Temporarily Closed,Temporarily Closed
209,Helsinki,2022-03-11,138,25,44
210,Ho Chi Minh City,2022-03-11,333,105,68
211,Hong Kong,2022-03-11,Emergency Appointments Only,Emergency Appointments Only,Emergency Appointments Only
212,Harare,2022-03-11,74,74,74
213,Islamabad,2022-03-11,435,5,3
214,Jakarta,2022-03-11,50,6,35
215,Jerusalem,2022-03-11,130,2,2
216,Johannesburg,2022-03-11,60,14,21
217,Kabul,2022-03-11,Closed,Closed,Closed
218,Kampala,2022-03-11,239,217,239
219,Kathmandu,2022-03-11,Emergency Appointments Only,Emergency Appointments Only,Emergency Appointments Only
220,Khartoum,2022-03-11,Emergency Appointments Only,Emergency Appointments Only,Emergency Appointments Only
221,Kigali,2022-03-11,300,70,70
222,Kingston,2022-03-11,670,1,4
223,Kinshasa,2022-03-11,420,6,420
224,Kuala Lumpur,2022-03-11,10,8,28
225,Kuwait City,2022-03-11,4,4,4
226,Kyiv,2022-03-11,Closed,Closed,Closed
227,Lagos,2022-03-11,824,345,34
228,La Paz,2022-03-11,92,1,1
229,Libreville,2022-03-11,22,22,22
230,Lilongwe,2022-03-11,39,39,39
231,Lima,2022-03-11,380,14,14
232,Ljubljana,2022-03-11,45,28,28
233,Lome,2022-03-11,60,60,60
234,London,2022-03-11,190,12,60
235,Luanda,2022-03-11,10,5,1
236,Lusaka,2022-03-11,16,9,16
237,Madrid,2022-03-11,28,30,28
238,Managua,2022-03-11,143,3,24
239,Manama,2022-03-11,26,4,5
240,Manila,2022-03-11,324,45,19
241,Monrovia,2022-03-11,365,90,90
242,Montevideo,2022-03-11,288,2,7
243,Montreal,2022-03-11,Emergency Appointments Only,Emergency Appointments Only,Emergency Appointments Only
244,Moscow,2022-03-11,Emergency Appointments Only,Emergency Appointments Only,Emergency Appointments Only
245,Mumbai,2022-03-11,940,2,8
246,Muscat,2022-03-11,11,11,11
247,Naha,2022-03-11,4,11,4
248,Nairobi,2022-03-11,525,184,1
249,Naples,2022-03-11,14,14,14
250,Nassau,2022-03-11,72,7,72
251,New Delhi,2022-03-11,268,25,299
252,Niamey,2022-03-11,90,90,90
253,Nicosia,2022-03-11,130,7,130
254,Oslo,2022-03-11,164,9,9
255,Ouagadougou,2022-03-11,90,90,90
256,Panama City,2022-03-11,482,12,12
257,Paramaribo,2022-03-11,60,2,60
258,Paris,2022-03-11,217,13,12
259,Phnom Penh,2022-03-11,14,14,14
260,Prague,2022-03-11,205,10,35
261,Praia,2022-03-11,Emergency Appointments Only,Emergency Appointments Only,Emergency Appointments Only
262,Pristina,2022-03-11,145,22,145
263,Port Au Prince,2022-03-11,365,1,7
264,Port Moresby,2022-03-11,1,1,1
265,Port of Spain,2022-03-11,85,25,28
266,Rangoon,2022-03-11,Emergency Appointments Only,Emergency Appointments Only,Emergency Appointments Only
267,Reykjavik,2022-03-11,30,30,30
268,Riga,2022-03-11,3,2,1
269,Rio de Janeiro,2022-03-11,155,1,2
270,Riyadh,2022-03-11,16,9,16
271,Sanaa,2022-03-11,Temporarily Closed,Temporarily Closed,Temporarily Closed
272,San Jose,2022-03-11,491,9,128
273,San Salvador,2022-03-11,336,2,2
274,Santiago,2022-03-11,724,36,38
275,Santo Domingo,2022-03-11,750,24,7
276,Sarajevo,2022-03-11,150,15,15
277,Seoul,2022-03-11,50,35,16
278,Singapore,2022-03-11,7,1,2
279,Skopje,2022-03-11,710,710,710
280,Sofia,2022-03-11,60,7,7
281,Stockholm,2022-03-11,378,8,58
282,Suva,2022-03-11,3,2,3
283,Sydney,2022-03-11,300,62,181
284,Taipei,2022-03-11,3,3,5
285,Tallinn,2022-03-11,28,10,10
286,Tashkent,2022-03-11,70,15,15
287,Tbilisi,2022-03-11,681,58,9
288,Tegucigalpa,2022-03-11,827,8,10
289,Tel Aviv,2022-03-11,251,1,1
290,Tirana,2022-03-11,586,8,8
291,Tokyo,2022-03-11,1,1,1
292,Tunis,2022-03-11,90,7,7
293,Ulaanbaatar,2022-03-11,212,6,27
294,Vancouver,2022-03-11,414,10,422
295,Vienna,2022-03-11,170,18,32
296,Vientiane,2022-03-11,7,7,7
297,Vilnius,2022-03-11,50,6,20
298,Warsaw,2022-03-11,134,46,46
299,Yaounde,2022-03-11,3,27,27
300,Yerevan,2022-03-11,631,493,78
301,Zagreb,2022-03-11,185,2,3
302,Abidjan,2022-03-10,303,213,191
303,Abu Dhabi,2022-03-10,240,90,20
304,Accra,2022-03-10,654,276,654
305,Addis Ababa,2022-03-10,561,185,185
306,Algiers,2022-03-10,78,23,7
307,Almaty,2022-03-10,239,3,2
308,Amman,2022-03-10,721,86,721
309,Amsterdam,2022-03-10,240,72,168
310,Ankara,2022-03-10,Emergency Appointments Only,Emergency Appointments Only,Emergency Appointments Only
311,Antananarivo,2022-03-10,21,21,21
312,Ashgabat,2022-03-10,Emergency Appointments Only,Emergency Appointments Only,Emergency Appointments Only
313,Asmara,2022-03-10,7,7,7
314,Asuncion,2022-03-10,202,14,6
315,Athens,2022-03-10,999,7,10
316,Auckland,2022-03-10,Emergency Appointments Only,Emergency Appointments Only,Emergency Appointments Only
317,Baghdad,2022-03-10,Closed,Closed,Closed
318,Bangkok,2022-03-10,120,7,7
319,Banjul,2022-03-10,120,21,21
320,Beirut,2022-03-10,318,21,1
321,Belgrade,2022-03-10,180,8,60
322,Belmopan,2022-03-10,51,27,31
323,Bern,2022-03-10,72,35,35
324,Beirut,2022-03-10,318,21,1
325,Bishkek,2022-03-10,86,30,86
326,Bogota,2022-03-10,703,29,30
327,Bratislava,2022-03-10,Emergency Appointments Only,Emergency Appointments Only,Emergency Appointments Only
328,Brazzaville,2022-03-10,30,30,30
329,Bridgetown,2022-03-10,465,1,1
330,Brussels,2022-03-10,180,7,21
331,Bucharest,2022-03-10,Emergency Appointments Only,Emergency Appointments Only,Emergency Appointments Only
332,Budapest,2022-03-10,Emergency Appointments Only,Emergency Appointments Only,Emergency Appointments Only
333,Buenos Aires,2022-03-10,494,7,7
334,Bujumbura,2022-03-10,3,3,3
335,Cairo,2022-03-10,420,5,5
336,Calgary,2022-03-10,149,27,147
337,Cape Town,2022-03-10,161,16,59
338,Caracas,2022-03-10,Temporarily Closed,Temporarily Closed,Temporarily Closed
339,Casablanca,2022-03-10,113,8,113
340,Chisinau,2022-03-10,329,23,70
341,Ciudad Juarez,2022-03-10,703,3,3
342,Colombo,2022-03-10,100,4,100
343,Cotonou,2022-03-10,90,90,90
344,Dakar,2022-03-10,210,10,210
345,Damascus,2022-03-10,Temporarily Closed,Temporarily Closed,Temporarily Closed
346,Dar es Salaam,2022-03-10,77,18,77
347,Dhaka,2022-03-10,177,177,36
348,Djibouti,2022-03-10,200,90,90
349,Doha,2022-03-10,107,2,3
350,Dubai,2022-03-10,104,90,95
351,Dublin,2022-03-10,133,1,28
352,Frankfurt,2022-03-10,157,2,2
353,Freetown,2022-03-10,37,37,37
354,Georgetown,2022-03-10,566,1,1
355,Guangzhou,2022-03-10,4,4,4
356,Guatemala City,2022-03-10,968,1,1
357,Guayaquil,2022-03-10,634,1,1
358,Hamilton,2022-03-10,120,30,90
359,Havana,2022-03-10,Temporarily Closed,Temporarily Closed,Temporarily Closed
360,Helsinki,2022-03-10,138,25,44
361,Ho Chi Minh City,2022-03-10,333,105,68
362,Hong Kong,2022-03-10,78,74,76
363,Harare,2022-03-10,74,74,74
364,Islamabad,2022-03-10,435,5,3
365,Jakarta,2022-03-10,50,6,35
366,Jerusalem,2022-03-10,130,2,2
367,Johannesburg,2022-03-10,60,14,21
368,Kabul,2022-03-10,Closed,Closed,Closed
369,Kampala,2022-03-10,239,217,239
370,Kathmandu,2022-03-10,Emergency Appointments Only,Emergency Appointments Only,Emergency Appointments Only
371,Khartoum,2022-03-10,Emergency Appointments Only,Emergency Appointments Only,Emergency Appointments Only
372,Kigali,2022-03-10,300,70,70
373,Kingston,2022-03-10,670,1,4
374,Kinshasa,2022-03-10,420,6,420
375,Kuala Lumpur,2022-03-10,10,8,28
376,Kuwait City,2022-03-10,4,4,4
377,Kyiv,2022-03-10,Closed,Closed,Closed
378,Lagos,2022-03-10,824,345,34
379,La Paz,2022-03-10,92,1,1
380,Libreville,2022-03-10,22,22,22
381,Lilongwe,2022-03-10,42,42,42
382,Lima,2022-03-10,380,14,14
383,Ljubljana,2022-03-10,45,28,28
384,Lome,2022-03-10,60,60,60
385,London,2022-03-10,190,12,60
386,Luanda,2022-03-10,10,5,1
387,Lusaka,2022-03-10,16,9,16
388,Madrid,2022-03-10,28,30,28
389,Managua,2022-03-10,143,3,24
390,Manama,2022-03-10,26,4,5
391,Manila,2022-03-10,324,45,19
392,Monrovia,2022-03-10,365,90,90
393,Montevideo,2022-03-10,288,2,7
394,Montreal,2022-03-10,Emergency Appointments Only,Emergency Appointments Only,Emergency Appointments Only
395,Moscow,2022-03-10,Emergency Appointments Only,Emergency Appointments Only,Emergency Appointments Only
396,Mumbai,2022-03-10,940,2,8
397,Muscat,2022-03-10,11,11,11
398,Naha,2022-03-10,4,11,4
399,Nairobi,2022-03-10,525,184,1
400,Naples,2022-03-10,14,14,14
401,Nassau,2022-03-10,72,7,72
402,New Delhi,2022-03-10,268,25,299
403,Niamey,2022-03-10,90,90,90
404,Nicosia,2022-03-10,130,7,130
405,Oslo,2022-03-10,164,9,9
406,Ouagadougou,2022-03-10,90,90,90
407,Panama City,2022-03-10,482,12,12
408,Paramaribo,2022-03-10,60,2,60
409,Paris,2022-03-10,217,13,12
410,Phnom Penh,2022-03-10,14,14,14
411,Prague,2022-03-10,205,10,35
412,Praia,2022-03-10,Emergency Appointments Only,Emergency Appointments Only,Emergency Appointments Only
413,Pristina,2022-03-10,145,22,145
414,Port Au Prince,2022-03-10,365,1,7
415,Port Moresby,2022-03-10,1,1,1
416,Port of Spain,2022-03-10,85,25,28
417,Rangoon,2022-03-10,Emergency Appointments Only,Emergency Appointments Only,Emergency Appointments Only
418,Reykjavik,2022-03-10,30,30,30
419,Riga,2022-03-10,3,2,1
420,Rio de Janeiro,2022-03-10,155,1,2
421,Riyadh,2022-03-10,16,9,16
422,Sanaa,2022-03-10,Temporarily Closed,Temporarily Closed,Temporarily Closed
423,San Jose,2022-03-10,491,9,128
424,San Salvador,2022-03-10,336,2,2
425,Santiago,2022-03-10,724,36,38
426,Santo Domingo,2022-03-10,750,24,7
427,Sarajevo,2022-03-10,150,15,15
428,Seoul,2022-03-10,50,35,16
429,Singapore,2022-03-10,7,1,2
430,Skopje,2022-03-10,710,710,710
431,Sofia,2022-03-10,60,7,7
432,Stockholm,2022-03-10,378,8,58
433,Suva,2022-03-10,3,2,3
434,Sydney,2022-03-10,300,62,181
435,Taipei,2022-03-10,3,3,5
436,Tallinn,2022-03-10,28,10,10
437,Tashkent,2022-03-10,70,15,15
438,Tbilisi,2022-03-10,681,58,9
439,Tegucigalpa,2022-03-10,827,8,10
440,Tel Aviv,2022-03-10,251,1,1
441,Tirana,2022-03-10,586,8,8
442,Tokyo,2022-03-10,1,1,1
443,Tunis,2022-03-10,90,7,7
444,Ulaanbaatar,2022-03-10,212,6,27
445,Vancouver,2022-03-10,414,10,422
446,Vienna,2022-03-10,170,18,32
447,Vientiane,2022-03-10,7,7,7
448,Vilnius,2022-03-10,21,14,23
449,Warsaw,2022-03-10,134,46,46
450,Yaounde,2022-03-10,3,27,27
451,Yerevan,2022-03-10,631,493,78
452,Zagreb,2022-03-10,185,2,3
453,Abidjan,2022-03-09,303,213,191
454,Abu Dhabi,2022-03-09,240,90,20
455,Accra,2022-03-09,654,276,654
456,Addis Ababa,2022-03-09,561,185,185
457,Algiers,2022-03-09,78,23,7
458,Almaty,2022-03-09,239,3,2
459,Amman,2022-03-09,721,86,721
460,Amsterdam,2022-03-09,240,72,168
461,Ankara,2022-03-09,Emergency Appointments Only,Emergency Appointments Only,Emergency Appointments Only
462,Antananarivo,2022-03-09,21,21,21
463,Ashgabat,2022-03-09,Emergency Appointments Only,Emergency Appointments Only,Emergency Appointments Only
464,Asmara,2022-03-09,7,7,7
465,Asuncion,2022-03-09,202,14,6
466,Athens,2022-03-09,999,7,10
467,Auckland,2022-03-09,Emergency Appointments Only,Emergency Appointments Only,Emergency Appointments Only
468,Baghdad,2022-03-09,Closed,Closed,Closed
469,Bangkok,2022-03-09,120,7,7
470,Banjul,2022-03-09,120,21,21
471,Beirut,2022-03-09,318,21,1
472,Belgrade,2022-03-09,180,8,60
473,Belmopan,2022-03-09,51,27,31
474,Bern,2022-03-09,72,35,35
475,Beirut,2022-03-09,318,21,1
476,Bishkek,2022-03-09,86,30,86
477,Bogota,2022-03-09,703,29,30
478,Bratislava,2022-03-09,Emergency Appointments Only,Emergency Appointments Only,Emergency Appointments Only
479,Brazzaville,2022-03-09,30,30,30
480,Bridgetown,2022-03-09,465,1,1
481,Brussels,2022-03-09,180,7,21
482,Bucharest,2022-03-09,Emergency Appointments Only,Emergency Appointments Only,Emergency Appointments Only
483,Budapest,2022-03-09,275,25,25
484,Buenos Aires,2022-03-09,494,7,7
485,Bujumbura,2022-03-09,3,3,3
486,Cairo,2022-03-09,420,5,5
487,Calgary,2022-03-09,149,27,147
488,Cape Town,2022-03-09,161,16,59
489,Caracas,2022-03-09,Temporarily Closed,Temporarily Closed,Temporarily Closed
490,Casablanca,2022-03-09,113,8,113
491,Chisinau,2022-03-09,329,23,70
492,Ciudad Juarez,2022-03-09,703,3,3
493,Colombo,2022-03-09,100,4,100
494,Cotonou,2022-03-09,90,90,90
495,Dakar,2022-03-09,210,10,210
496,Damascus,2022-03-09,Temporarily Closed,Temporarily Closed,Temporarily Closed
497,Dar es Salaam,2022-03-09,77,18,77
498,Dhaka,2022-03-09,177,177,36
499,Djibouti,2022-03-09,200,90,90
500,Doha,2022-03-09,107,2,3
501,Dubai,2022-03-09,104,90,95
502,Dublin,2022-03-09,133,1,28
503,Frankfurt,2022-03-09,157,2,2
504,Freetown,2022-03-09,37,37,37
505,Georgetown,2022-03-09,566,1,1
506,Guangzhou,2022-03-09,2,2,2
507,Guatemala City,2022-03-09,968,1,1
508,Guayaquil,2022-03-09,634,1,1
509,Hamilton,2022-03-09,120,30,90
510,Havana,2022-03-09,Temporarily Closed,Temporarily Closed,Temporarily Closed
511,Helsinki,2022-03-09,138,25,44
512,Ho Chi Minh City,2022-03-09,312,103,77
513,Hong Kong,2022-03-09,78,74,76
514,Harare,2022-03-09,74,74,74
515,Islamabad,2022-03-09,425,8,5
516,Jakarta,2022-03-09,50,6,35
517,Jerusalem,2022-03-09,130,2,2
518,Johannesburg,2022-03-09,60,14,21
519,Kabul,2022-03-09,Closed,Closed,Closed
520,Kampala,2022-03-09,239,217,239
521,Kathmandu,2022-03-09,Emergency Appointments Only,Emergency Appointments Only,Emergency Appointments Only
522,Khartoum,2022-03-09,Emergency Appointments Only,Emergency Appointments Only,Emergency Appointments Only
523,Kigali,2022-03-09,300,70,70
524,Kingston,2022-03-09,670,1,4
525,Kinshasa,2022-03-09,420,6,420
526,Kuala Lumpur,2022-03-09,10,8,28
527,Kuwait City,2022-03-09,4,4,4
528,Kyiv,2022-03-09,Closed,Closed,Closed
529,Lagos,2022-03-09,824,345,34
530,La Paz,2022-03-09,92,1,1
531,Libreville,2022-03-09,22,22,22
532,Lilongwe,2022-03-09,42,42,42
533,Lima,2022-03-09,380,14,14
534,Ljubljana,2022-03-09,45,28,28
535,Lome,2022-03-09,60,60,60
536,London,2022-03-09,190,12,60
537,Luanda,2022-03-09,10,5,1
538,Lusaka,2022-03-09,16,9,16
539,Madrid,2022-03-09,28,30,28
540,Managua,2022-03-09,143,3,24
541,Manama,2022-03-09,26,4,5
542,Manila,2022-03-09,324,45,19
543,Monrovia,2022-03-09,365,90,90
544,Montevideo,2022-03-09,288,2,7
545,Montreal,2022-03-09,Emergency Appointments Only,Emergency Appointments Only,Emergency Appointments Only
546,Moscow,2022-03-09,Emergency Appointments Only,Emergency Appointments Only,Emergency Appointments Only
547,Mumbai,2022-03-09,940,2,8
548,Muscat,2022-03-09,11,11,11
549,Naha,2022-03-09,4,11,4
550,Nairobi,2022-03-09,525,184,1
551,Naples,2022-03-09,14,14,14
552,Nassau,2022-03-09,72,7,72
553,New Delhi,2022-03-09,268,25,299
554,Niamey,2022-03-09,90,90,90
555,Nicosia,2022-03-09,130,7,130
556,Oslo,2022-03-09,164,9,9
557,Ouagadougou,2022-03-09,90,90,90
558,Panama City,2022-03-09,482,12,12
559,Paramaribo,2022-03-09,60,2,60
560,Paris,2022-03-09,217,13,12
561,Phnom Penh,2022-03-09,14,14,14
562,Prague,2022-03-09,205,10,35
563,Praia,2022-03-09,Emergency Appointments Only,Emergency Appointments Only,Emergency Appointments Only
564,Pristina,2022-03-09,Emergency Appointments Only,Emergency Appointments Only,Emergency Appointments Only
565,Port Au Prince,2022-03-09,365,1,7
566,Port Moresby,2022-03-09,1,1,1
567,Port of Spain,2022-03-09,85,25,28
568,Rangoon,2022-03-09,Emergency Appointments Only,Emergency Appointments Only,Emergency Appointments Only
569,Reykjavik,2022-03-09,30,30,30
570,Riga,2022-03-09,3,2,1
571,Rio de Janeiro,2022-03-09,155,1,2
572,Riyadh,2022-03-09,16,9,16
573,Sanaa,2022-03-09,Temporarily Closed,Temporarily Closed,Temporarily Closed
574,San Jose,2022-03-09,491,9,128
575,San Salvador,2022-03-09,336,2,2
576,Santiago,2022-03-09,724,36,38
577,Santo Domingo,2022-03-09,750,24,7
578,Sarajevo,2022-03-09,150,15,15
579,Seoul,2022-03-09,50,35,16
580,Singapore,2022-03-09,7,1,2
581,Skopje,2022-03-09,710,710,710
582,Sofia,2022-03-09,60,7,7
583,Stockholm,2022-03-09,378,8,58
584,Suva,2022-03-09,3,2,3
585,Sydney,2022-03-09,300,62,181
586,Taipei,2022-03-09,3,3,5
587,Tallinn,2022-03-09,28,10,10
588,Tashkent,2022-03-09,70,15,15
589,Tbilisi,2022-03-09,681,58,9
590,Tegucigalpa,2022-03-09,827,8,10
591,Tel Aviv,2022-03-09,251,1,1
592,Tirana,2022-03-09,586,8,8
593,Tokyo,2022-03-09,1,1,1
594,Tunis,2022-03-09,90,7,7
595,Ulaanbaatar,2022-03-09,212,6,27
596,Vancouver,2022-03-09,414,10,422
597,Vienna,2022-03-09,170,18,32
598,Vientiane,2022-03-09,7,7,7
599,Vilnius,2022-03-09,21,14,23
600,Warsaw,2022-03-09,134,46,46
601,Yaounde,2022-03-09,3,27,27
602,Yerevan,2022-03-09,670,463,42
603,Zagreb,2022-03-09,185,2,3
604,Abidjan,2022-03-04,311,218,157
605,Abu Dhabi,2022-03-04,240,90,20
606,Accra,2022-03-04,654,276,654
607,Addis Ababa,2022-03-04,561,185,185
608,Algiers,2022-03-04,77,8,11
609,Almaty,2022-03-04,130,12,10
610,Amman,2022-03-04,721,59,721
611,Amsterdam,2022-03-04,240,78,153
612,Ankara,2022-03-04,Emergency Appointments Only,Emergency Appointments Only,Emergency Appointments Only
613,Antananarivo,2022-03-04,21,21,21
614,Ashgabat,2022-03-04,Emergency Appointments Only,Emergency Appointments Only,Emergency Appointments Only
615,Asmara,2022-03-04,7,7,7
616,Asuncion,2022-03-04,202,14,6
617,Athens,2022-03-04,999,7,10
618,Auckland,2022-03-04,Emergency Appointments Only,Emergency Appointments Only,Emergency Appointments Only
619,Baghdad,2022-03-04,Closed,Closed,Closed
620,Bangkok,2022-03-04,10,2,5
621,Banjul,2022-03-04,120,21,21
622,Beirut,2022-03-04,331,38,18
623,Belgrade,2022-03-04,180,8,15
624,Belmopan,2022-03-04,51,51,51
625,Bern,2022-03-04,85,35,35
626,Beirut,2022-03-04,331,38,18
627,Bishkek,2022-03-04,64,37,64
628,Bogota,2022-03-04,649,33,26
629,Bratislava,2022-03-04,Emergency Appointments Only,Emergency Appointments Only,Emergency Appointments Only
630,Brazzaville,2022-03-04,90,90,90
631,Bridgetown,2022-03-04,427,2,6
632,Brussels,2022-03-04,180,7,21
633,Bucharest,2022-03-04,Emergency Appointments Only,Emergency Appointments Only,Emergency Appointments Only
634,Budapest,2022-03-04,275,25,25
635,Buenos Aires,2022-03-04,494,12,13
636,Bujumbura,2022-03-04,3,3,3
637,Cairo,2022-03-04,420,5,5
638,Calgary,2022-03-04,149,27,147
639,Cape Town,2022-03-04,139,9,64
640,Caracas,2022-03-04,Temporarily Closed,Temporarily Closed,Temporarily Closed
641,Casablanca,2022-03-04,108,13,108
642,Chisinau,2022-03-04,282,14,14
643,Ciudad Juarez,2022-03-04,673,2,2
644,Colombo,2022-03-04,100,4,100
645,Cotonou,2022-03-04,56,56,56
646,Dakar,2022-03-04,200,10,200
647,Damascus,2022-03-04,Temporarily Closed,Temporarily Closed,Temporarily Closed
648,Dar es Salaam,2022-03-04,22,17,17
649,Dhaka,2022-03-04,155,140,25
650,Djibouti,2022-03-04,200,90,90
651,Doha,2022-03-04,107,2,3
652,Dubai,2022-03-04,104,90,95
653,Dublin,2022-03-04,137,4,28
654,Frankfurt,2022-03-04,157,2,2
655,Freetown,2022-03-04,120,33,33
656,Georgetown,2022-03-04,566,1,1
657,Guangzhou,2022-03-04,4,4,4
658,Guatemala City,2022-03-04,968,1,1
659,Guayaquil,2022-03-04,637,1,2
660,Hamilton,2022-03-04,120,30,90
661,Havana,2022-03-04,Temporarily Closed,Temporarily Closed,Temporarily Closed
662,Helsinki,2022-03-04,138,25,44
663,Ho Chi Minh City,2022-03-04,312,103,77
664,Hong Kong,2022-03-04,78,74,76
665,Harare,2022-03-04,54,54,54
666,Islamabad,2022-03-04,425,8,5
667,Jakarta,2022-03-04,50,6,35
668,Jerusalem,2022-03-04,130,2,2
669,Johannesburg,2022-03-04,60,14,21
670,Kabul,2022-03-04,Closed,Closed,Closed
671,Kampala,2022-03-04,300,7,300
672,Kathmandu,2022-03-04,Emergency Appointments Only,Emergency Appointments Only,Emergency Appointments Only
673,Khartoum,2022-03-04,Emergency Appointments Only,Emergency Appointments Only,Emergency Appointments Only
674,Kigali,2022-03-04,300,70,70
675,Kingston,2022-03-04,669,7,3
676,Kinshasa,2022-03-04,448,21,448
677,Kuala Lumpur,2022-03-04,9,8,21
678,Kuwait City,2022-03-04,5,5,5
679,Kyiv,2022-03-04,Closed,Closed,Closed
680,Lagos,2022-03-04,824,345,34
681,La Paz,2022-03-04,170,6,1
682,Libreville,2022-03-04,22,22,22
683,Lilongwe,2022-03-04,7,7,7
684,Lima,2022-03-04,380,14,14
685,Ljubljana,2022-03-04,45,28,45
686,Lome,2022-03-04,60,60,60
687,London,2022-03-04,180,18,60
688,Luanda,2022-03-04,40,15,1
689,Lusaka,2022-03-04,57,9,57
690,Madrid,2022-03-04,28,30,28
691,Managua,2022-03-04,134,3,31
692,Manama,2022-03-04,26,4,5
693,Manila,2022-03-04,374,77,26
694,Monrovia,2022-03-04,365,90,90
695,Montevideo,2022-03-04,274,5,1
696,Montreal,2022-03-04,Emergency Appointments Only,Emergency Appointments Only,Emergency Appointments Only
697,Moscow,2022-03-04,Emergency Appointments Only,Emergency Appointments Only,Emergency Appointments Only
698,Mumbai,2022-03-04,946,2,65
699,Muscat,2022-03-04,11,11,11
700,Naha,2022-03-04,22,22,22
701,Nairobi,2022-03-04,449,182,1
702,Naples,2022-03-04,63,14,14
703,Nassau,2022-03-04,85,3,85
704,New Delhi,2022-03-04,84,28,306
705,Niamey,2022-03-04,90,90,90
706,Nicosia,2022-03-04,130,7,130
707,Oslo,2022-03-04,168,35,37
708,Ouagadougou,2022-03-04,90,90,90
709,Panama City,2022-03-04,496,11,17
710,Paramaribo,2022-03-04,60,2,60
711,Paris,2022-03-04,217,13,12
712,Phnom Penh,2022-03-04,14,9,14
713,Prague,2022-03-04,205,10,35
714,Praia,2022-03-04,Emergency Appointments Only,Emergency Appointments Only,Emergency Appointments Only
715,Pristina,2022-03-04,Emergency Appointments Only,Emergency Appointments Only,Emergency Appointments Only
716,Port Au Prince,2022-03-04,365,1,7
717,Port Moresby,2022-03-04,1,1,1
718,Port of Spain,2022-03-04,178,14,16
719,Rangoon,2022-03-04,Emergency Appointments Only,Emergency Appointments Only,Emergency Appointments Only
720,Reykjavik,2022-03-04,30,30,30
721,Riga,2022-03-04,1,2,1
722,Rio de Janeiro,2022-03-04,183,2,2
723,Riyadh,2022-03-04,57,9,57
724,Sanaa,2022-03-04,Temporarily Closed,Temporarily Closed,Temporarily Closed
725,San Jose,2022-03-04,480,9,93
726,San Salvador,2022-03-04,320,2,2
727,Santiago,2022-03-04,536,108,14
728,Santo Domingo,2022-03-04,750,24,7
729,Sarajevo,2022-03-04,90,10,15
730,Seoul,2022-03-04,49,35,17
731,Singapore,2022-03-04,7,3,3
732,Skopje,2022-03-04,710,710,710
733,Sofia,2022-03-04,60,7,7
734,Stockholm,2022-03-04,365,14,51
735,Suva,2022-03-04,3,2,3
736,Sydney,2022-03-04,300,62,181
737,Taipei,2022-03-04,2,2,13
738,Tallinn,2022-03-04,28,14,21
739,Tashkent,2022-03-04,60,15,15
740,Tbilisi,2022-03-04,680,36,15
741,Tegucigalpa,2022-03-04,Emergency Appointments Only,Emergency Appointments Only,Emergency Appointments Only
742,Tel Aviv,2022-03-04,258,1,1
743,Tirana,2022-03-04,585,8,8
744,Tokyo,2022-03-04,24,3,4
745,Tunis,2022-03-04,180,20,14
746,Ulaanbaatar,2022-03-04,591,8,7
747,Vancouver,2022-03-04,414,4,387
748,Vienna,2022-03-04,170,25,45
749,Vientiane,2022-03-04,7,14,7
750,Vilnius,2022-03-04,21,14,23
751,Warsaw,2022-03-04,134,46,46
752,Yaounde,2022-03-04,6,6,6
753,Yerevan,2022-03-04,670,463,42
754,Zagreb,2022-03-04,98,2,9
755,Abidjan,2022-03-03,311,218,157
756,Abu Dhabi,2022-03-03,240,90,20
757,Accra,2022-03-03,654,276,654
758,Addis Ababa,2022-03-03,561,185,185
759,Algiers,2022-03-03,77,8,11
760,Almaty,2022-03-03,130,12,10
761,Amman,2022-03-03,721,59,721
762,Amsterdam,2022-03-03,240,78,153
763,Ankara,2022-03-03,Emergency Appointments Only,Emergency Appointments Only,Emergency Appointments Only
764,Antananarivo,2022-03-03,21,21,21
765,Ashgabat,2022-03-03,Emergency Appointments Only,Emergency Appointments Only,Emergency Appointments Only
766,Asmara,2022-03-03,7,7,7
767,Asuncion,2022-03-03,202,14,6
768,Athens,2022-03-03,999,7,10
769,Auckland,2022-03-03,Emergency Appointments Only,Emergency Appointments Only,Emergency Appointments Only
770,Baghdad,2022-03-03,Closed,Closed,Closed
771,Bangkok,2022-03-03,10,2,5
772,Banjul,2022-03-03,120,21,21
773,Beirut,2022-03-03,331,38,18
774,Belgrade,2022-03-03,180,8,15
775,Belmopan,2022-03-03,51,51,51
776,Bern,2022-03-03,85,35,35
777,Beirut,2022-03-03,331,38,18
778,Bishkek,2022-03-03,64,37,64
779,Bogota,2022-03-03,649,33,26
780,Bratislava,2022-03-03,Emergency Appointments Only,Emergency Appointments Only,Emergency Appointments Only
781,Brazzaville,2022-03-03,90,90,90
782,Bridgetown,2022-03-03,427,2,6
783,Brussels,2022-03-03,180,7,21
784,Bucharest,2022-03-03,Emergency Appointments Only,Emergency Appointments Only,Emergency Appointments Only
785,Budapest,2022-03-03,275,25,25
786,Buenos Aires,2022-03-03,494,12,13
787,Bujumbura,2022-03-03,3,3,3
788,Cairo,2022-03-03,420,5,5
789,Calgary,2022-03-03,149,27,147
790,Cape Town,2022-03-03,139,9,64
791,Caracas,2022-03-03,Temporarily Closed,Temporarily Closed,Temporarily Closed
792,Casablanca,2022-03-03,108,13,108
793,Chisinau,2022-03-03,282,14,14
794,Ciudad Juarez,2022-03-03,673,2,2
795,Colombo,2022-03-03,100,4,100
796,Cotonou,2022-03-03,56,56,56
797,Dakar,2022-03-03,200,10,200
798,Damascus,2022-03-03,Temporarily Closed,Temporarily Closed,Temporarily Closed
799,Dar es Salaam,2022-03-03,22,17,17
800,Dhaka,2022-03-03,155,140,25
801,Djibouti,2022-03-03,200,90,90
802,Doha,2022-03-03,107,2,3
803,Dubai,2022-03-03,286,83,83
804,Dublin,2022-03-03,137,4,28
805,Frankfurt,2022-03-03,157,2,2
806,Freetown,2022-03-03,120,33,33
807,Georgetown,2022-03-03,566,1,1
808,Guangzhou,2022-03-03,2,2,2
809,Guatemala City,2022-03-03,968,1,1
810,Guayaquil,2022-03-03,637,1,2
811,Hamilton,2022-03-03,120,30,90
812,Havana,2022-03-03,Temporarily Closed,Temporarily Closed,Temporarily Closed
813,Helsinki,2022-03-03,138,25,44
814,Ho Chi Minh City,2022-03-03,312,103,77
815,Hong Kong,2022-03-03,78,74,76
816,Harare,2022-03-03,54,54,54
817,Islamabad,2022-03-03,425,8,5
818,Jakarta,2022-03-03,50,6,35
819,Jerusalem,2022-03-03,130,2,2
820,Johannesburg,2022-03-03,60,14,21
821,Kabul,2022-03-03,Closed,Closed,Closed
822,Kampala,2022-03-03,300,7,300
823,Kathmandu,2022-03-03,Emergency Appointments Only,Emergency Appointments Only,Emergency Appointments Only
824,Khartoum,2022-03-03,Emergency Appointments Only,Emergency Appointments Only,Emergency Appointments Only
825,Kigali,2022-03-03,300,70,70
826,Kingston,2022-03-03,669,7,3
827,Kinshasa,2022-03-03,448,21,448
828,Kuala Lumpur,2022-03-03,9,8,21
829,Kuwait City,2022-03-03,5,5,5
830,Kyiv,2022-03-03,Closed,Closed,Closed
831,Lagos,2022-03-03,824,345,34
832,La Paz,2022-03-03,170,6,1
833,Libreville,2022-03-03,22,22,22
834,Lilongwe,2022-03-03,7,7,7
835,Lima,2022-03-03,380,14,14
836,Ljubljana,2022-03-03,45,28,45
837,Lome,2022-03-03,60,60,60
838,London,2022-03-03,180,18,60
839,Luanda,2022-03-03,40,15,1
840,Lusaka,2022-03-03,57,9,57
841,Madrid,2022-03-03,28,30,28
842,Managua,2022-03-03,134,3,31
843,Manama,2022-03-03,26,4,5
844,Manila,2022-03-03,374,77,26
845,Monrovia,2022-03-03,365,90,90
846,Montevideo,2022-03-03,272,9,9
847,Montreal,2022-03-03,Emergency Appointments Only,Emergency Appointments Only,Emergency Appointments Only
848,Moscow,2022-03-03,Emergency Appointments Only,Emergency Appointments Only,Emergency Appointments Only
849,Mumbai,2022-03-03,946,2,65
850,Muscat,2022-03-03,11,11,11
851,Naha,2022-03-03,22,22,22
852,Nairobi,2022-03-03,449,182,1
853,Naples,2022-03-03,63,14,14
854,Nassau,2022-03-03,85,3,85
855,New Delhi,2022-03-03,84,28,306
856,Niamey,2022-03-03,90,90,90
857,Nicosia,2022-03-03,130,7,130
858,Oslo,2022-03-03,168,35,37
859,Ouagadougou,2022-03-03,90,90,90
860,Panama City,2022-03-03,496,11,17
861,Paramaribo,2022-03-03,60,2,60
862,Paris,2022-03-03,217,13,12
863,Phnom Penh,2022-03-03,14,9,14
864,Prague,2022-03-03,205,10,35
865,Praia,2022-03-03,Emergency Appointments Only,Emergency Appointments Only,Emergency Appointments Only
866,Pristina,2022-03-03,Emergency Appointments Only,Emergency Appointments Only,Emergency Appointments Only
867,Port Au Prince,2022-03-03,365,1,7
868,Port Moresby,2022-03-03,1,1,1
869,Port of Spain,2022-03-03,178,14,16
870,Rangoon,2022-03-03,Emergency Appointments Only,Emergency Appointments Only,Emergency Appointments Only
871,Reykjavik,2022-03-03,30,30,30
872,Riga,2022-03-03,1,2,1
873,Rio de Janeiro,2022-03-03,183,2,2
874,Riyadh,2022-03-03,57,9,57
875,Sanaa,2022-03-03,Temporarily Closed,Temporarily Closed,Temporarily Closed
876,San Jose,2022-03-03,480,9,93
877,San Salvador,2022-03-03,320,2,2
878,Santiago,2022-03-03,536,108,14
879,Santo Domingo,2022-03-03,750,24,7
880,Sarajevo,2022-03-03,90,10,15
881,Seoul,2022-03-03,49,35,17
882,Singapore,2022-03-03,7,3,3
883,Skopje,2022-03-03,710,710,710
884,Sofia,2022-03-03,60,7,7
885,Stockholm,2022-03-03,365,14,51
886,Suva,2022-03-03,3,2,3
887,Sydney,2022-03-03,300,62,181
888,Taipei,2022-03-03,2,2,13
889,Tallinn,2022-03-03,28,14,21
890,Tashkent,2022-03-03,60,15,15
891,Tbilisi,2022-03-03,680,36,15
892,Tegucigalpa,2022-03-03,Emergency Appointments Only,Emergency Appointments Only,Emergency Appointments Only
893,Tel Aviv,2022-03-03,205,1,1
894,Tirana,2022-03-03,585,8,8
895,Tokyo,2022-03-03,24,3,4
896,Tunis,2022-03-03,180,20,14
897,Ulaanbaatar,2022-03-03,591,8,7
898,Vancouver,2022-03-03,414,4,387
899,Vienna,2022-03-03,170,25,45
900,Vientiane,2022-03-03,7,14,7
901,Vilnius,2022-03-03,21,14,23
902,Warsaw,2022-03-03,134,46,46
903,Yaounde,2022-03-03,6,6,6
904,Yerevan,2022-03-03,670,463,42
905,Zagreb,2022-03-03,98,2,9
906,Abidjan,2022-02-28,259,224,163
907,Abu Dhabi,2022-02-28,240,90,20
908,Accra,2022-02-28,654,276,654
909,Addis Ababa,2022-02-28,561,185,185
910,Algiers,2022-02-28,77,8,11
911,Almaty,2022-02-28,130,12,10
912,Amman,2022-02-28,721,66,721
913,Amsterdam,2022-02-28,240,51,240
914,Ankara,2022-02-28,Emergency Appointments Only,Emergency Appointments Only,Emergency Appointments Only
915,Antananarivo,2022-02-28,21,21,21
916,Ashgabat,2022-02-28,Emergency Appointments Only,Emergency Appointments Only,Emergency Appointments Only
917,Asmara,2022-02-28,7,7,7
918,Asuncion,2022-02-28,202,14,6
919,Athens,2022-02-28,999,7,10
920,Auckland,2022-02-28,Emergency Appointments Only,Emergency Appointments Only,Emergency Appointments Only
921,Baghdad,2022-02-28,Closed,Closed,Closed
922,Bangkok,2022-02-28,120,20,20
923,Banjul,2022-02-28,120,21,21
924,Beirut,2022-02-28,331,38,18
925,Belgrade,2022-02-28,120,3,3
926,Belmopan,2022-02-28,51,51,51
927,Bern,2022-02-28,76,21,22
928,Beirut,2022-02-28,331,38,18
929,Bishkek,2022-02-28,64,37,64
930,Bogota,2022-02-28,690,48,45
931,Bratislava,2022-02-28,21,14,14
932,Brazzaville,2022-02-28,90,90,90
933,Bridgetown,2022-02-28,469,2,377
934,Brussels,2022-02-28,180,7,21
935,Bucharest,2022-02-28,Emergency Appointments Only,Emergency Appointments Only,Emergency Appointments Only
936,Budapest,2022-02-28,275,25,25
937,Buenos Aires,2022-02-28,494,12,13
938,Bujumbura,2022-02-28,7,7,4
939,Cairo,2022-02-28,420,5,5
940,Calgary,2022-02-28,120,27,147
941,Cape Town,2022-02-28,153,6,23
942,Caracas,2022-02-28,Temporarily Closed,Temporarily Closed,Temporarily Closed
943,Casablanca,2022-02-28,111,13,111
944,Chisinau,2022-02-28,282,14,14
945,Ciudad Juarez,2022-02-28,707,2,8
946,Colombo,2022-02-28,100,4,100
947,Cotonou,2022-02-28,90,90,90
948,Dakar,2022-02-28,200,10,200
949,Damascus,2022-02-28,Temporarily Closed,Temporarily Closed,Temporarily Closed
950,Dar es Salaam,2022-02-28,22,17,17
951,Dhaka,2022-02-28,101,41,25
952,Djibouti,2022-02-28,200,90,90
953,Doha,2022-02-28,107,2,3
954,Dubai,2022-02-28,286,83,83
955,Dublin,2022-02-28,129,10,34
956,Frankfurt,2022-02-28,157,66,67
957,Freetown,2022-02-28,50,50,50
958,Georgetown,2022-02-28,567,1,Same Day
959,Guangzhou,2022-02-28,2,2,2
960,Guatemala City,2022-02-28,952,1,1
961,Guayaquil,2022-02-28,631,13,2
962,Hamilton,2022-02-28,90,30,90
963,Havana,2022-02-28,Temporarily Closed,Temporarily Closed,Temporarily Closed
964,Helsinki,2022-02-28,138,25,44
965,Ho Chi Minh City,2022-02-28,284,91,70
966,Hong Kong,2022-02-28,78,74,76
967,Harare,2022-02-28,54,54,54
968,Islamabad,2022-02-28,425,8,5
969,Jakarta,2022-02-28,60,10,30
970,Jerusalem,2022-02-28,130,2,2
971,Johannesburg,2022-02-28,60,14,21
972,Kabul,2022-02-28,Closed,Closed,Closed
973,Kampala,2022-02-28,60,7,60
974,Kathmandu,2022-02-28,Emergency Appointments Only,Emergency Appointments Only,Emergency Appointments Only
975,Khartoum,2022-02-28,Emergency Appointments Only,Emergency Appointments Only,Emergency Appointments Only
976,Kigali,2022-02-28,300,70,70
977,Kingston,2022-02-28,661,7,3
978,Kinshasa,2022-02-28,448,21,448
979,Kuala Lumpur,2022-02-28,9,8,21
980,Kuwait City,2022-02-28,9,9,9
981,Kyiv,2022-02-28,Closed,Closed,Closed
982,Lagos,2022-02-28,824,345,34
983,La Paz,2022-02-28,170,7,3
984,Libreville,2022-02-28,22,22,22
985,Lilongwe,2022-02-28,7,7,7
986,Lima,2022-02-28,380,14,14
987,Ljubljana,2022-02-28,28,14,28
988,Lome,2022-02-28,60,60,60
989,London,2022-02-28,180,18,60
990,Luanda,2022-02-28,44,23,1
991,Lusaka,2022-02-28,63,8,63
992,Madrid,2022-02-28,252,98,70
993,Managua,2022-02-28,134,3,31
994,Manama,2022-02-28,35,5,5
995,Manila,2022-02-28,377,65,23
996,Monrovia,2022-02-28,365,90,90
997,Montevideo,2022-02-28,272,9,9
998,Montreal,2022-02-28,Emergency Appointments Only,Emergency Appointments Only,Emergency Appointments Only
999,Moscow,2022-02-28,Emergency Appointments Only,Emergency Appointments Only,Emergency Appointments Only
1000,Mumbai,2022-02-28,946,2,65
1001,Muscat,2022-02-28,11,11,11
1002,Naha,2022-02-28,22,22,22
1003,Nairobi,2022-02-28,520,208,2
1004,Naples,2022-02-28,69,9,51
1005,Nassau,2022-02-28,64,8,64
1006,New Delhi,2022-02-28,87,41,281
1007,Niamey,2022-02-28,90,90,90
1008,Nicosia,2022-02-28,130,7,130
1009,Oslo,2022-02-28,168,35,37
1010,Ouagadougou,2022-02-28,90,90,90
1011,Panama City,2022-02-28,496,11,17
1012,Paramaribo,2022-02-28,60,2,60
1013,Paris,2022-02-28,217,13,12
1014,Phnom Penh,2022-02-28,14,9,14
1015,Prague,2022-02-28,197,23,23
1016,Praia,2022-02-28,Emergency Appointments Only,Emergency Appointments Only,Emergency Appointments Only
1017,Pristina,2022-02-28,Emergency Appointments Only,Emergency Appointments Only,Emergency Appointments Only
1018,Port Au Prince,2022-02-28,365,1,7
1019,Port Moresby,2022-02-28,5,5,5
1020,Port of Spain,2022-02-28,178,14,16
1021,Rangoon,2022-02-28,Emergency Appointments Only,Emergency Appointments Only,Emergency Appointments Only
1022,Reykjavik,2022-02-28,30,30,30
1023,Riga,2022-02-28,2,1,2
1024,Rio de Janeiro,2022-02-28,183,2,2
1025,Riyadh,2022-02-28,63,8,63
1026,Sanaa,2022-02-28,Temporarily Closed,Temporarily Closed,Temporarily Closed
1027,San Jose,2022-02-28,469,15,99
1028,San Salvador,2022-02-28,312,2,2
1029,Santiago,2022-02-28,695,159,85
1030,Santo Domingo,2022-02-28,750,20,5
1031,Sarajevo,2022-02-28,90,10,15
1032,Seoul,2022-02-28,23,18,11
1033,Singapore,2022-02-28,7,3,3
1034,Skopje,2022-02-28,707,707,707
1035,Sofia,2022-02-28,60,7,7
1036,Stockholm,2022-02-28,350,15,51
1037,Suva,2022-02-28,3,2,3
1038,Sydney,2022-02-28,300,62,181
1039,Taipei,2022-02-28,2,2,13
1040,Tallinn,2022-02-28,40,28,28
1041,Tashkent,2022-02-28,60,15,15
1042,Tbilisi,2022-02-28,666,29,22
1043,Tegucigalpa,2022-02-28,Emergency Appointments Only,Emergency Appointments Only,Emergency Appointments Only
1044,Tel Aviv,2022-02-28,205,1,1
1045,Tirana,2022-02-28,585,8,8
1046,Tokyo,2022-02-28,24,3,4
1047,Tunis,2022-02-28,180,20,14
1048,Ulaanbaatar,2022-02-28,591,8,7
1049,Vancouver,2022-02-28,415,3,410
1050,Vienna,2022-02-28,170,18,18
1051,Vientiane,2022-02-28,7,14,7
1052,Vilnius,2022-02-28,21,14,23
1053,Warsaw,2022-02-28,86,6,6
1054,Yaounde,2022-02-28,6,6,6
1055,Yerevan,2022-02-28,672,476,46
1056,Zagreb,2022-02-28,98,2,9
1057,Abidjan,2022-02-21,253,225,164
1058,Abu Dhabi,2022-02-21,240,90,20
1059,Accra,2022-02-21,654,276,654
1060,Addis Ababa,2022-02-21,561,185,185
1061,Algiers,2022-02-21,77,8,11
1062,Almaty,2022-02-21,123,34,4
1063,Amman,2022-02-21,721,66,721
1064,Amsterdam,2022-02-21,240,51,240
1065,Ankara,2022-02-21,Emergency Appointments Only,Emergency Appointments Only,Emergency Appointments Only
1066,Antananarivo,2022-02-21,7,7,7
1067,Ashgabat,2022-02-21,Emergency Appointments Only,Emergency Appointments Only,Emergency Appointments Only
1068,Asmara,2022-02-21,7,7,7
1069,Asuncion,2022-02-21,202,14,6
1070,Athens,2022-02-21,999,7,10
1071,Auckland,2022-02-21,108,81,108
1072,Baghdad,2022-02-21,Closed,Closed,Closed
1073,Bangkok,2022-02-21,136,3,8
1074,Banjul,2022-02-21,120,21,21
1075,Beirut,2022-02-21,66,30,24
1076,Belgrade,2022-02-21,120,3,4
1077,Belmopan,2022-02-21,51,51,51
1078,Bern,2022-02-21,76,21,22
1079,Beirut,2022-02-21,66,30,24
1080,Bishkek,2022-02-21,78,45,78
1081,Bogota,2022-02-21,690,48,45
1082,Bratislava,2022-02-21,21,14,14
1083,Brazzaville,2022-02-21,60,60,60
1084,Bridgetown,2022-02-21,473,9,384
1085,Brussels,2022-02-21,180,7,21
1086,Bucharest,2022-02-21,Emergency Appointments Only,Emergency Appointments Only,Emergency Appointments Only
1087,Budapest,2022-02-21,250,25,25
1088,Buenos Aires,2022-02-21,451,3,20
1089,Bujumbura,2022-02-21,4,4,4
1090,Cairo,2022-02-21,420,5,5
1091,Calgary,2022-02-21,92,17,92
1092,Cape Town,2022-02-21,147,3,9
1093,Caracas,2022-02-21,Temporarily Closed,Temporarily Closed,Temporarily Closed
1094,Casablanca,2022-02-21,108,16,108
1095,Chisinau,2022-02-21,294,9,14
1096,Ciudad Juarez,2022-02-21,711,2,4
1097,Colombo,2022-02-21,100,4,100
1098,Cotonou,2022-02-21,56,56,56
1099,Dakar,2022-02-21,200,10,200
1100,Damascus,2022-02-21,Temporarily Closed,Temporarily Closed,Temporarily Closed
1101,Dar es Salaam,2022-02-21,77,44,44
1102,Dhaka,2022-02-21,101,41,25
1103,Djibouti,2022-02-21,200,90,90
1104,Doha,2022-02-21,90,2,3
1105,Dubai,2022-02-21,286,83,83
1106,Dublin,2022-02-21,114,2,56
1107,Frankfurt,2022-02-21,157,66,67
1108,Freetown,2022-02-21,57,57,57
1109,Georgetown,2022-02-21,567,1,Same Day
1110,Guangzhou,2022-02-21,5,5,5
1111,Guatemala City,2022-02-21,916,1,1
1112,Guayaquil,2022-02-21,624,1,1
1113,Hamilton,2022-02-21,90,30,90
1114,Havana,2022-02-21,Temporarily Closed,Temporarily Closed,Temporarily Closed
1115,Helsinki,2022-02-21,138,25,44
1116,Ho Chi Minh City,2022-02-21,266,89,61
1117,Hong Kong,2022-02-21,10,8,4
1118,Harare,2022-02-21,72,72,72
1119,Islamabad,2022-02-21,425,8,5
1120,Jakarta,2022-02-21,50,2,30
1121,Jerusalem,2022-02-21,130,2,2
1122,Johannesburg,2022-02-21,60,14,21
1123,Kabul,2022-02-21,Closed,Closed,Closed
1124,Kampala,2022-02-21,60,7,60
1125,Kathmandu,2022-02-21,Emergency Appointments Only,Emergency Appointments Only,Emergency Appointments Only
1126,Khartoum,2022-02-21,Emergency Appointments Only,Emergency Appointments Only,Emergency Appointments Only
1127,Kigali,2022-02-21,300,70,70
1128,Kingston,2022-02-21,656,3,3
1129,Kinshasa,2022-02-21,448,21,448
1130,Kuala Lumpur,2022-02-21,10,9,22
1131,Kuwait City,2022-02-21,4,4,4
1132,Kyiv,2022-02-21,Closed,Closed,Closed
1133,Lagos,2022-02-21,824,345,34
1134,La Paz,2022-02-21,105,7,3
1135,Libreville,2022-02-21,Temporarily Closed,Temporarily Closed,Temporarily Closed
1136,Lilongwe,2022-02-21,15,15,15
1137,Lima,2022-02-21,380,14,14
1138,Ljubljana,2022-02-21,21,21,21
1139,Lome,2022-02-21,60,60,60
1140,London,2022-02-21,170,24,60
1141,Luanda,2022-02-21,43,24,1
1142,Lusaka,2022-02-21,65,2,65
1143,Madrid,2022-02-21,252,98,70
1144,Managua,2022-02-21,134,3,31
1145,Manama,2022-02-21,35,4,4
1146,Manila,2022-02-21,370,34,27
1147,Monrovia,2022-02-21,365,90,90
1148,Montevideo,2022-02-21,185,3,3
1149,Montreal,2022-02-21,Emergency Appointments Only,Emergency Appointments Only,Emergency Appointments Only
1150,Moscow,2022-02-21,Emergency Appointments Only,Emergency Appointments Only,Emergency Appointments Only
1151,Mumbai,2022-02-21,246,11,232
1152,Muscat,2022-02-21,15,15,15
1153,Naha,2022-02-21,22,22,22
1154,Nairobi,2022-02-21,525,206,2
1155,Naples,2022-02-21,77,17,17
1156,Nassau,2022-02-21,92,2,92
1157,New Delhi,2022-02-21,87,43,240
1158,Niamey,2022-02-21,90,90,90
1159,Nicosia,2022-02-21,130,7,130
1160,Oslo,2022-02-21,162,44,44
1161,Ouagadougou,2022-02-21,90,90,90
1162,Panama City,2022-02-21,496,11,17
1163,Paramaribo,2022-02-21,60,2,60
1164,Paris,2022-02-21,217,13,12
1165,Phnom Penh,2022-02-21,7,2,7
1166,Prague,2022-02-21,180,14,16
1167,Praia,2022-02-21,Emergency Appointments Only,Emergency Appointments Only,Emergency Appointments Only
1168,Pristina,2022-02-21,Emergency Appointments Only,Emergency Appointments Only,Emergency Appointments Only
1169,Port Au Prince,2022-02-21,365,1,7
1170,Port Moresby,2022-02-21,1,1,1
1171,Port of Spain,2022-02-21,148,1,16
1172,Rangoon,2022-02-21,Emergency Appointments Only,Emergency Appointments Only,Emergency Appointments Only
1173,Reykjavik,2022-02-21,Emergency Appointments Only,Emergency Appointments Only,Emergency Appointments Only
1174,Riga,2022-02-21,2,1,2
1175,Rio de Janeiro,2022-02-21,183,1,1
1176,Riyadh,2022-02-21,65,2,65
1177,Sanaa,2022-02-21,Temporarily Closed,Temporarily Closed,Temporarily Closed
1178,San Jose,2022-02-21,456,2,107
1179,San Salvador,2022-02-21,339,2,2
1180,Santiago,2022-02-21,695,159,85
1181,Santo Domingo,2022-02-21,750,20,5
1182,Sarajevo,2022-02-21,90,10,15
1183,Seoul,2022-02-21,23,18,11
1184,Singapore,2022-02-21,8,1,8
1185,Skopje,2022-02-21,707,707,707
1186,Sofia,2022-02-21,60,7,7
1187,Stockholm,2022-02-21,276,10,16
1188,Suva,2022-02-21,3,2,3
1189,Sydney,2022-02-21,300,62,181
1190,Taipei,2022-02-21,1,1,1
1191,Tallinn,2022-02-21,40,28,28
1192,Tashkent,2022-02-21,60,15,15
1193,Tbilisi,2022-02-21,666,29,22
1194,Tegucigalpa,2022-02-21,Emergency Appointments Only,Emergency Appointments Only,Emergency Appointments Only
1195,Tel Aviv,2022-02-21,205,1,1
1196,Tirana,2022-02-21,579,8,8
1197,Tokyo,2022-02-21,21,1,3
1198,Tunis,2022-02-21,200,30,14
1199,Ulaanbaatar,2022-02-21,591,8,7
1200,Vancouver,2022-02-21,423,3,422
1201,Vienna,2022-02-21,170,18,18
1202,Vientiane,2022-02-21,6,6,6
1203,Vilnius,2022-02-21,21,14,23
1204,Warsaw,2022-02-21,77,14,16
1205,Yaounde,2022-02-21,6,6,6
1206,Yerevan,2022-02-21,672,476,46
1207,Zagreb,2022-02-21,1,1,1
1208,Abidjan,2022-02-10,Emergency Appointments Only,Emergency Appointments Only,Emergency Appointments Only
1209,Abu Dhabi,2022-02-10,240,90,20
1210,Accra,2022-02-10,654,276,654
1211,Addis Ababa,2022-02-10,561,185,185
1212,Algiers,2022-02-10,75,9,11
1213,Almaty,2022-02-10,123,34,4
1214,Amman,2022-02-10,721,45,721
1215,Amsterdam,2022-02-10,180,44,156
1216,Ankara,2022-02-10,Emergency Appointments Only,Emergency Appointments Only,Emergency Appointments Only
1217,Antananarivo,2022-02-10,Emergency Appointments Only,Emergency Appointments Only,Emergency Appointments Only
1218,Ashgabat,2022-02-10,Emergency Appointments Only,Emergency Appointments Only,Emergency Appointments Only
1219,Asmara,2022-02-10,7,7,7
1220,Asuncion,2022-02-10,202,14,6
1221,Athens,2022-02-10,999,14,15
1222,Auckland,2022-02-10,58,58,58
1223,Baghdad,2022-02-10,Closed,Closed,Closed
1224,Bangkok,2022-02-10,120,1,8
1225,Banjul,2022-02-10,120,21,21
1226,Beirut,2022-02-10,330,29,4
1227,Belgrade,2022-02-10,120,3,16
1228,Belmopan,2022-02-10,51,56,56
1229,Bern,2022-02-10,117,28,52
1230,Beirut,2022-02-10,330,29,4
1231,Bishkek,2022-02-10,85,58,85
1232,Bogota,2022-02-10,672,82,54
1233,Bratislava,2022-02-10,14,7,7
1234,Brazzaville,2022-02-10,100,100,100
1235,Bridgetown,2022-02-10,464,16,381
1236,Brussels,2022-02-10,180,7,21
1237,Bucharest,2022-02-10,Emergency Appointments Only,Emergency Appointments Only,Emergency Appointments Only
1238,Budapest,2022-02-10,225,20,20
1239,Buenos Aires,2022-02-10,450,28,45
1240,Bujumbura,2022-02-10,7,7,4
1241,Cairo,2022-02-10,420,5,5
1242,Calgary,2022-02-10,309,16,142
1243,Cape Town,2022-02-10,154,3,15
1244,Caracas,2022-02-10,Temporarily Closed,Temporarily Closed,Temporarily Closed
1245,Casablanca,2022-02-10,108,28,108
1246,Chisinau,2022-02-10,286,8,6
1247,Ciudad Juarez,2022-02-10,707,2,8
1248,Colombo,2022-02-10,100,4,100
1249,Cotonou,2022-02-10,24,24,24
1250,Dakar,2022-02-10,180,10,180
1251,Damascus,2022-02-10,Temporarily Closed,Temporarily Closed,Temporarily Closed
1252,Dar es Salaam,2022-02-10,77,44,44
1253,Dhaka,2022-02-10,153,15,15
1254,Djibouti,2022-02-10,200,90,90
1255,Doha,2022-02-10,60,2,3
1256,Dubai,2022-02-10,286,83,83
1257,Dublin,2022-02-10,113,7,48
1258,Frankfurt,2022-02-10,23,23,23
1259,Freetown,2022-02-10,57,57,57
1260,Georgetown,2022-02-10,528,1,Same Day
1261,Guangzhou,2022-02-10,5,5,5
1262,Guatemala City,2022-02-10,916,1,1
1263,Guayaquil,2022-02-10,576,1,1
1264,Hamilton,2022-02-10,90,30,90
1265,Havana,2022-02-10,Temporarily Closed,Temporarily Closed,Temporarily Closed
1266,Helsinki,2022-02-10,138,25,44
1267,Ho Chi Minh City,2022-02-10,304,78,77
1268,Hong Kong,2022-02-10,4,4,4
1269,Harare,2022-02-10,63,63,63
1270,Islamabad,2022-02-10,395,5,5
1271,Jakarta,2022-02-10,60,2,30
1272,Jerusalem,2022-02-10,130,2,2
1273,Johannesburg,2022-02-10,21,14,21
1274,Kabul,2022-02-10,Closed,Closed,Closed
1275,Kampala,2022-02-10,60,7,60
1276,Kathmandu,2022-02-10,Emergency Appointments Only,Emergency Appointments Only,Emergency Appointments Only
1277,Khartoum,2022-02-10,Emergency Appointments Only,Emergency Appointments Only,Emergency Appointments Only
1278,Kigali,2022-02-10,300,70,70
1279,Kingston,2022-02-10,648,1,5
1280,Kinshasa,2022-02-10,448,21,448
1281,Kuala Lumpur,2022-02-10,16,11,22
1282,Kuwait City,2022-02-10,5,5,5
1283,Kyiv,2022-02-10,300,2,19
1284,Lagos,2022-02-10,824,345,34
1285,La Paz,2022-02-10,Temporarily Closed,Temporarily Closed,Temporarily Closed
1286,Libreville,2022-02-10,Temporarily Closed,Temporarily Closed,Temporarily Closed
1287,Lilongwe,2022-02-10,42,42,42
1288,Lima,2022-02-10,Emergency Appointments Only,Emergency Appointments Only,Emergency Appointments Only
1289,Ljubljana,2022-02-10,9,9,9
1290,Lome,2022-02-10,60,60,60
1291,London,2022-02-10,150,3,60
1292,Luanda,2022-02-10,36,15,1
1293,Lusaka,2022-02-10,52,2,52
1294,Madrid,2022-02-10,240,66,78
1295,Managua,2022-02-10,129,3,29
1296,Manama,2022-02-10,49,7,7
1297,Manila,2022-02-10,326,34,26
1298,Monrovia,2022-02-10,Emergency Appointments Only,Emergency Appointments Only,Emergency Appointments Only
1299,Montevideo,2022-02-10,181,25,30
1300,Montreal,2022-02-10,Emergency Appointments Only,Emergency Appointments Only,Emergency Appointments Only
1301,Moscow,2022-02-10,Emergency Appointments Only,Emergency Appointments Only,Emergency Appointments Only
1302,Mumbai,2022-02-10,999,2,239
1303,Muscat,2022-02-10,15,15,15
1304,Naha,2022-02-10,22,22,22
1305,Nairobi,2022-02-10,507,197,7
1306,Naples,2022-02-10,59,17,59
1307,Nassau,2022-02-10,83,2,83
1308,New Delhi,2022-02-10,999,120,55
1309,Niamey,2022-02-10,24,24,24
1310,Nicosia,2022-02-10,130,7,130
1311,Oslo,2022-02-10,154,30,65
1312,Ouagadougou,2022-02-10,90,90,90
1313,Panama City,2022-02-10,455,14,24
1314,Paramaribo,2022-02-10,60,2,60
1315,Paris,2022-02-10,210,30,30
1316,Phnom Penh,2022-02-10,2,2,3
1317,Prague,2022-02-10,180,14,16
1318,Praia,2022-02-10,Emergency Appointments Only,Emergency Appointments Only,Emergency Appointments Only
1319,Pristina,2022-02-10,Emergency Appointments Only,Emergency Appointments Only,Emergency Appointments Only
1320,Port Au Prince,2022-02-10,365,1,7
1321,Port Moresby,2022-02-10,1,1,1
1322,Port of Spain,2022-02-10,171,2,8
1323,Rangoon,2022-02-10,Emergency Appointments Only,Emergency Appointments Only,Emergency Appointments Only
1324,Reykjavik,2022-02-10,Emergency Appointments Only,Emergency Appointments Only,Emergency Appointments Only
1325,Riga,2022-02-10,2,1,2
1326,Rio de Janeiro,2022-02-10,183,1,6
1327,Riyadh,2022-02-10,52,2,52
1328,Sanaa,2022-02-10,Temporarily Closed,Temporarily Closed,Temporarily Closed
1329,San Jose,2022-02-10,435,2,121
1330,San Salvador,2022-02-10,339,2,2
1331,Santiago,2022-02-10,699,169,155
1332,Santo Domingo,2022-02-10,750,20,5
1333,Sarajevo,2022-02-10,180,10,15
1334,Seoul,2022-02-10,42,28,30
1335,Singapore,2022-02-10,7,3,3
1336,Skopje,2022-02-10,Emergency Appointments Only,Emergency Appointments Only,Emergency Appointments Only
1337,Sofia,2022-02-10,60,7,7
1338,Stockholm,2022-02-10,261,28,66
1339,Suva,2022-02-10,3,2,3
1340,Sydney,2022-02-10,300,62,181
1341,Taipei,2022-02-10,3,3,6
1342,Tallinn,2022-02-10,8,3,3
1343,Tashkent,2022-02-10,40,10,10
1344,Tbilisi,2022-02-10,666,29,22
1345,Tegucigalpa,2022-02-10,743,21,22
1346,Tel Aviv,2022-02-10,212,1,1
1347,Tirana,2022-02-10,572,8,8
1348,Tokyo,2022-02-10,1,1,1
1349,Tunis,2022-02-10,200,30,14
1350,Ulaanbaatar,2022-02-10,235,10,15
1351,Vancouver,2022-02-10,366,3,366
1352,Vienna,2022-02-10,170,18,18
1353,Vientiane,2022-02-10,7,7,7
1354,Vilnius,2022-02-10,7,16,7
1355,Warsaw,2022-02-10,57,1,3
1356,Yaounde,2022-02-10,5,5,20
1357,Yerevan,2022-02-10,675,423,14
1358,Zagreb,2022-02-10,1,1,1
1359,Abidjan,2022-02-09,Emergency Appointments Only,Emergency Appointments Only,Emergency Appointments Only
1360,Abu Dhabi,2022-02-09,240,90,20
1361,Accra,2022-02-09,654,276,654
1362,Addis Ababa,2022-02-09,561,185,185
1363,Algiers,2022-02-09,75,9,11
1364,Almaty,2022-02-09,123,34,4
1365,Amman,2022-02-09,721,45,721
1366,Amsterdam,2022-02-09,180,44,156
1367,Ankara,2022-02-09,Emergency Appointments Only,Emergency Appointments Only,Emergency Appointments Only
1368,Antananarivo,2022-02-09,Emergency Appointments Only,Emergency Appointments Only,Emergency Appointments Only
1369,Ashgabat,2022-02-09,Emergency Appointments Only,Emergency Appointments Only,Emergency Appointments Only
1370,Asmara,2022-02-09,7,7,7
1371,Asuncion,2022-02-09,202,14,6
1372,Athens,2022-02-09,999,14,15
1373,Auckland,2022-02-09,58,58,58
1374,Baghdad,2022-02-09,Closed,Closed,Closed
1375,Bangkok,2022-02-09,120,1,8
1376,Banjul,2022-02-09,120,21,21
1377,Beirut,2022-02-09,330,29,4
1378,Belgrade,2022-02-09,120,3,16
1379,Belmopan,2022-02-09,51,56,56
1380,Bern,2022-02-09,117,28,52
1381,Beirut,2022-02-09,330,29,4
1382,Bishkek,2022-02-09,85,58,85
1383,Bogota,2022-02-09,672,82,54
1384,Bratislava,2022-02-09,14,7,7
1385,Brazzaville,2022-02-09,100,100,100
1386,Bridgetown,2022-02-09,464,16,381
1387,Brussels,2022-02-09,180,7,21
1388,Bucharest,2022-02-09,Emergency Appointments Only,Emergency Appointments Only,Emergency Appointments Only
1389,Budapest,2022-02-09,225,20,20
1390,Buenos Aires,2022-02-09,450,28,45
1391,Bujumbura,2022-02-09,7,7,4
1392,Cairo,2022-02-09,Emergency Appointments Only,Emergency Appointments Only,Emergency Appointments Only
1393,Calgary,2022-02-09,309,16,142
1394,Cape Town,2022-02-09,154,3,15
1395,Caracas,2022-02-09,Temporarily Closed,Temporarily Closed,Temporarily Closed
1396,Casablanca,2022-02-09,108,28,108
1397,Chisinau,2022-02-09,286,8,6
1398,Ciudad Juarez,2022-02-09,707,2,8
1399,Colombo,2022-02-09,100,4,100
1400,Cotonou,2022-02-09,24,24,24
1401,Dakar,2022-02-09,180,10,180
1402,Damascus,2022-02-09,Temporarily Closed,Temporarily Closed,Temporarily Closed
1403,Dar es Salaam,2022-02-09,77,44,44
1404,Dhaka,2022-02-09,153,15,15
1405,Djibouti,2022-02-09,200,90,90
1406,Doha,2022-02-09,60,2,3
1407,Dubai,2022-02-09,286,83,83
1408,Dublin,2022-02-09,113,7,48
1409,Frankfurt,2022-02-09,23,23,23
1410,Freetown,2022-02-09,57,57,57
1411,Georgetown,2022-02-09,528,1,Same Day
1412,Guangzhou,2022-02-09,2,2,2
1413,Guatemala City,2022-02-09,916,1,1
1414,Guayaquil,2022-02-09,576,1,1
1415,Hamilton,2022-02-09,90,30,90
1416,Havana,2022-02-09,Temporarily Closed,Temporarily Closed,Temporarily Closed
1417,Helsinki,2022-02-09,138,25,44
1418,Ho Chi Minh City,2022-02-09,248,78,77
1419,Hong Kong,2022-02-09,8,8,8
1420,Harare,2022-02-09,63,63,63
1421,Islamabad,2022-02-09,365,20,10
1422,Jakarta,2022-02-09,60,2,30
1423,Jerusalem,2022-02-09,130,2,2
1424,Johannesburg,2022-02-09,21,14,21
1425,Kabul,2022-02-09,Closed,Closed,Closed
1426,Kampala,2022-02-09,60,7,60
1427,Kathmandu,2022-02-09,Emergency Appointments Only,Emergency Appointments Only,Emergency Appointments Only
1428,Khartoum,2022-02-09,Emergency Appointments Only,Emergency Appointments Only,Emergency Appointments Only
1429,Kigali,2022-02-09,300,70,70
1430,Kingston,2022-02-09,648,1,5
1431,Kinshasa,2022-02-09,448,21,448
1432,Kuala Lumpur,2022-02-09,16,11,22
1433,Kuwait City,2022-02-09,5,5,5
1434,Kyiv,2022-02-09,300,13,13
1435,Lagos,2022-02-09,824,345,34
1436,La Paz,2022-02-09,Temporarily Closed,Temporarily Closed,Temporarily Closed
1437,Libreville,2022-02-09,Temporarily Closed,Temporarily Closed,Temporarily Closed
1438,Lilongwe,2022-02-09,7,7,7
1439,Lima,2022-02-09,Emergency Appointments Only,Emergency Appointments Only,Emergency Appointments Only
1440,Ljubljana,2022-02-09,9,9,9
1441,Lome,2022-02-09,60,60,60
1442,London,2022-02-09,275,3,60
1443,Luanda,2022-02-09,36,15,1
1444,Lusaka,2022-02-09,52,2,52
1445,Madrid,2022-02-09,240,66,78
1446,Managua,2022-02-09,129,3,29
1447,Manama,2022-02-09,49,7,7
1448,Manila,2022-02-09,326,34,26
1449,Monrovia,2022-02-09,Emergency Appointments Only,Emergency Appointments Only,Emergency Appointments Only
1450,Montevideo,2022-02-09,181,25,30
1451,Montreal,2022-02-09,Emergency Appointments Only,Emergency Appointments Only,Emergency Appointments Only
1452,Moscow,2022-02-09,Emergency Appointments Only,Emergency Appointments Only,Emergency Appointments Only
1453,Mumbai,2022-02-09,999,2,239
1454,Muscat,2022-02-09,15,15,15
1455,Naha,2022-02-09,22,22,22
1456,Nairobi,2022-02-09,507,197,7
1457,Naples,2022-02-09,59,17,59
1458,Nassau,2022-02-09,83,2,83
1459,New Delhi,2022-02-09,999,120,55
1460,Niamey,2022-02-09,24,24,24
1461,Nicosia,2022-02-09,130,7,130
1462,Oslo,2022-02-09,154,30,65
1463,Ouagadougou,2022-02-09,90,90,90
1464,Panama City,2022-02-09,455,14,24
1465,Paramaribo,2022-02-09,60,2,60
1466,Paris,2022-02-09,210,30,30
1467,Phnom Penh,2022-02-09,2,2,3
1468,Prague,2022-02-09,180,14,16
1469,Praia,2022-02-09,Emergency Appointments Only,Emergency Appointments Only,Emergency Appointments Only
1470,Pristina,2022-02-09,Emergency Appointments Only,Emergency Appointments Only,Emergency Appointments Only
1471,Port Au Prince,2022-02-09,365,1,7
1472,Port Moresby,2022-02-09,1,1,1
1473,Port of Spain,2022-02-09,171,2,8
1474,Rangoon,2022-02-09,Emergency Appointments Only,Emergency Appointments Only,Emergency Appointments Only
1475,Reykjavik,2022-02-09,Emergency Appointments Only,Emergency Appointments Only,Emergency Appointments Only
1476,Riga,2022-02-09,2,1,2
1477,Rio de Janeiro,2022-02-09,183,1,6
1478,Riyadh,2022-02-09,52,2,52
1479,Sanaa,2022-02-09,Temporarily Closed,Temporarily Closed,Temporarily Closed
1480,San Jose,2022-02-09,435,2,121
1481,San Salvador,2022-02-09,339,2,2
1482,Santiago,2022-02-09,699,169,155
1483,Santo Domingo,2022-02-09,999,20,20
1484,Sarajevo,2022-02-09,180,10,15
1485,Seoul,2022-02-09,42,28,30
1486,Singapore,2022-02-09,7,3,3
1487,Skopje,2022-02-09,Emergency Appointments Only,Emergency Appointments Only,Emergency Appointments Only
1488,Sofia,2022-02-09,60,7,7
1489,Stockholm,2022-02-09,261,28,66
1490,Suva,2022-02-09,3,2,3
1491,Sydney,2022-02-09,300,62,181
1492,Taipei,2022-02-09,3,3,6
1493,Tallinn,2022-02-09,8,3,3
1494,Tashkent,2022-02-09,40,10,10
1495,Tbilisi,2022-02-09,666,29,22
1496,Tegucigalpa,2022-02-09,743,21,22
1497,Tel Aviv,2022-02-09,212,1,1
1498,Tirana,2022-02-09,572,8,8
1499,Tokyo,2022-02-09,1,1,1
1500,Tunis,2022-02-09,200,30,14
1501,Ulaanbaatar,2022-02-09,194,70,70
1502,Vancouver,2022-02-09,366,3,366
1503,Vienna,2022-02-09,170,18,18
1504,Vientiane,2022-02-09,7,7,7
1505,Vilnius,2022-02-09,7,16,7
1506,Warsaw,2022-02-09,57,1,3
1507,Yaounde,2022-02-09,5,5,20
1508,Yerevan,2022-02-09,675,423,14
1509,Zagreb,2022-02-09,1,1,1
1510,Abidjan,2022-02-06,Emergency Appointments Only,Emergency Appointments Only,Emergency Appointments Only
1511,Abu Dhabi,2022-02-06,240,90,20
1512,Accra,2022-02-06,654,276,654
1513,Addis Ababa,2022-02-06,561,185,185
1514,Algiers,2022-02-06,75,10,10
1515,Almaty,2022-02-06,73,29,10
1516,Amman,2022-02-06,721,45,721
1517,Amsterdam,2022-02-06,180,44,156
1518,Ankara,2022-02-06,Emergency Appointments Only,Emergency Appointments Only,Emergency Appointments Only
1519,Antananarivo,2022-02-06,Emergency Appointments Only,Emergency Appointments Only,Emergency Appointments Only
1520,Ashgabat,2022-02-06,Emergency Appointments Only,Emergency Appointments Only,Emergency Appointments Only
1521,Asmara,2022-02-06,7,7,7
1522,Asuncion,2022-02-06,202,14,6
1523,Athens,2022-02-06,60,7,7
1524,Auckland,2022-02-06,44,44,44
1525,Baghdad,2022-02-06,Closed,Closed,Closed
1526,Bangkok,2022-02-06,120,1,8
1527,Banjul,2022-02-06,120,21,21
1528,Beirut,2022-02-06,115,32,3
1529,Belgrade,2022-02-06,120,7,14
1530,Belmopan,2022-02-06,51,63,63
1531,Bern,2022-02-06,105,44,44
1532,Beirut,2022-02-06,115,32,3
1533,Bishkek,2022-02-06,89,17,89
1534,Bogota,2022-02-06,672,82,54
1535,Bratislava,2022-02-06,14,7,7
1536,Brazzaville,2022-02-06,100,100,100
1537,Bridgetown,2022-02-06,449,24,387
1538,Brussels,2022-02-06,240,7,7
1539,Bucharest,2022-02-06,Emergency Appointments Only,Emergency Appointments Only,Emergency Appointments Only
1540,Budapest,2022-02-06,225,30,30
1541,Buenos Aires,2022-02-06,450,28,45
1542,Bujumbura,2022-02-06,9,2,9
1543,Cairo,2022-02-06,Emergency Appointments Only,Emergency Appointments Only,Emergency Appointments Only
1544,Calgary,2022-02-06,197,30,189
1545,Cape Town,2022-02-06,154,3,25
1546,Caracas,2022-02-06,Temporarily Closed,Temporarily Closed,Temporarily Closed
1547,Casablanca,2022-02-06,108,28,108
1548,Chisinau,2022-02-06,287,9,27
1549,Ciudad Juarez,2022-02-06,690,2,2
1550,Colombo,2022-02-06,100,4,200
1551,Cotonou,2022-02-06,999,20,20
1552,Dakar,2022-02-06,180,10,180
1553,Damascus,2022-02-06,Temporarily Closed,Temporarily Closed,Temporarily Closed
1554,Dar es Salaam,2022-02-06,57,51,51
1555,Dhaka,2022-02-06,153,15,15
1556,Djibouti,2022-02-06,200,90,90
1557,Doha,2022-02-06,60,2,3
1558,Dubai,2022-02-06,286,83,83
1559,Dublin,2022-02-06,109,7,71
1560,Frankfurt,2022-02-06,23,23,23
1561,Freetown,2022-02-06,65,65,65
1562,Georgetown,2022-02-06,499,8,Same Day
1563,Guangzhou,2022-02-06,4,4,4
1564,Guatemala City,2022-02-06,916,1,1
1565,Guayaquil,2022-02-06,619,8,11
1566,Hamilton,2022-02-06,90,30,90
1567,Havana,2022-02-06,Temporarily Closed,Temporarily Closed,Temporarily Closed
1568,Helsinki,2022-02-06,228,14,14
1569,Ho Chi Minh City,2022-02-06,248,78,77
1570,Hong Kong,2022-02-06,8,8,8
1571,Harare,2022-02-06,57,57,57
1572,Islamabad,2022-02-06,365,20,10
1573,Jakarta,2022-02-06,65,2,30
1574,Jerusalem,2022-02-06,130,2,2
1575,Johannesburg,2022-02-06,21,14,21
1576,Kabul,2022-02-06,Closed,Closed,Closed
1577,Kampala,2022-02-06,300,10,300
1578,Kathmandu,2022-02-06,Emergency Appointments Only,Emergency Appointments Only,Emergency Appointments Only
1579,Khartoum,2022-02-06,Emergency Appointments Only,Emergency Appointments Only,Emergency Appointments Only
1580,Kigali,2022-02-06,300,70,70
1581,Kingston,2022-02-06,644,1,2
1582,Kinshasa,2022-02-06,441,8,441
1583,Kuala Lumpur,2022-02-06,22,16,28
1584,Kuwait City,2022-02-06,5,5,5
1585,Kyiv,2022-02-06,300,13,13
1586,Lagos,2022-02-06,824,345,34
1587,La Paz,2022-02-06,Temporarily Closed,Temporarily Closed,Temporarily Closed
1588,Libreville,2022-02-06,Temporarily Closed,Temporarily Closed,Temporarily Closed
1589,Lilongwe,2022-02-06,5,5,5
1590,Lima,2022-02-06,Emergency Appointments Only,Emergency Appointments Only,Emergency Appointments Only
1591,Ljubljana,2022-02-06,9,9,9
1592,Lome,2022-02-06,60,60,60
1593,London,2022-02-06,275,3,60
1594,Luanda,2022-02-06,64,7,1
1595,Lusaka,2022-02-06,57,4,57
1596,Madrid,2022-02-06,240,66,78
1597,Managua,2022-02-06,127,3,28
1598,Manama,2022-02-06,35,2,4
1599,Manila,2022-02-06,639,50,30
1600,Monrovia,2022-02-06,Emergency Appointments Only,Emergency Appointments Only,Emergency Appointments Only
1601,Montevideo,2022-02-06,164,10,11
1602,Montreal,2022-02-06,Emergency Appointments Only,Emergency Appointments Only,Emergency Appointments Only
1603,Moscow,2022-02-06,Emergency Appointments Only,Emergency Appointments Only,Emergency Appointments Only
1604,Mumbai,2022-02-06,999,2,10
1605,Muscat,2022-02-06,15,15,15
1606,Naha,2022-02-06,12,12,12
1607,Nairobi,2022-02-06,506,213,14
1608,Naples,2022-02-06,347,17,347
1609,Nassau,2022-02-06,66,2,66
1610,New Delhi,2022-02-06,999,70,66
1611,Niamey,2022-02-06,24,24,24
1612,Nicosia,2022-02-06,130,7,130
1613,Oslo,2022-02-06,164,63,64
1614,Ouagadougou,2022-02-06,90,90,90
1615,Panama City,2022-02-06,385,14,24
1616,Paramaribo,2022-02-06,60,2,60
1617,Paris,2022-02-06,190,10,30
1618,Phnom Penh,2022-02-06,8,7,7
1619,Prague,2022-02-06,360,18,18
1620,Praia,2022-02-06,Emergency Appointments Only,Emergency Appointments Only,Emergency Appointments Only
1621,Pristina,2022-02-06,Emergency Appointments Only,Emergency Appointments Only,Emergency Appointments Only
1622,Port Au Prince,2022-02-06,999,5,999
1623,Port Moresby,2022-02-06,1,1,1
1624,Port of Spain,2022-02-06,165,7,8
1625,Rangoon,2022-02-06,Emergency Appointments Only,Emergency Appointments Only,Emergency Appointments Only
1626,Reykjavik,2022-02-06,Emergency Appointments Only,Emergency Appointments Only,Emergency Appointments Only
1627,Riga,2022-02-06,2,1,2
1628,Rio de Janeiro,2022-02-06,183,1,6
1629,Riyadh,2022-02-06,57,4,57
1630,Sanaa,2022-02-06,Temporarily Closed,Temporarily Closed,Temporarily Closed
1631,San Jose,2022-02-06,435,2,121
1632,San Salvador,2022-02-06,343,2,2
1633,Santiago,2022-02-06,699,169,155
1634,Santo Domingo,2022-02-06,999,20,20
1635,Sarajevo,2022-02-06,180,10,15
1636,Seoul,2022-02-06,42,14,28
1637,Singapore,2022-02-06,8,7,3
1638,Skopje,2022-02-06,Emergency Appointments Only,Emergency Appointments Only,Emergency Appointments Only
1639,Sofia,2022-02-06,60,7,7
1640,Stockholm,2022-02-06,225,30,70
1641,Suva,2022-02-06,3,2,3
1642,Sydney,2022-02-06,300,62,181
1643,Taipei,2022-02-06,3,3,3
1644,Tallinn,2022-02-06,7,2,2
1645,Tashkent,2022-02-06,40,10,10
1646,Tbilisi,2022-02-06,666,29,22
1647,Tegucigalpa,2022-02-06,709,2,3
1648,Tel Aviv,2022-02-06,219,1,1
1649,Tirana,2022-02-06,568,8,8
1650,Tokyo,2022-02-06,56,2,1
1651,Tunis,2022-02-06,140,20,6
1652,Ulaanbaatar,2022-02-06,194,70,70
1653,Vancouver,2022-02-06,424,3,396
1654,Vienna,2022-02-06,144,5,11
1655,Vientiane,2022-02-06,Emergency Appointments Only,Emergency Appointments Only,Emergency Appointments Only
1656,Vilnius,2022-02-06,22,6,6
1657,Warsaw,2022-02-06,63,2,3
1658,Yaounde,2022-02-06,Emergency Appointments Only,Emergency Appointments Only,Emergency Appointments Only
1659,Yerevan,2022-02-06,675,423,7
1660,Zagreb,2022-02-06,1,1,1
1661,Abidjan,2022-02-02,Emergency Appointments Only,Emergency Appointments Only,Emergency Appointments Only
1662,Abu Dhabi,2022-02-02,240,90,20
1663,Accra,2022-02-02,654,276,654
1664,Addis Ababa,2022-02-02,561,185,185
1665,Algiers,2022-02-02,75,10,10
1666,Almaty,2022-02-02,73,29,10
1667,Amman,2022-02-02,721,45,721
1668,Amsterdam,2022-02-02,180,44,156
1669,Ankara,2022-02-02,Emergency Appointments Only,Emergency Appointments Only,Emergency Appointments Only
1670,Antananarivo,2022-02-02,Emergency Appointments Only,Emergency Appointments Only,Emergency Appointments Only
1671,Ashgabat,2022-02-02,Emergency Appointments Only,Emergency Appointments Only,Emergency Appointments Only
1672,Asmara,2022-02-02,7,7,7
1673,Asuncion,2022-02-02,202,14,6
1674,Athens,2022-02-02,60,7,7
1675,Auckland,2022-02-02,44,44,44
1676,Baghdad,2022-02-02,Closed,Closed,Closed
1677,Bangkok,2022-02-02,120,1,8
1678,Banjul,2022-02-02,120,21,21
1679,Beirut,2022-02-02,115,32,3
1680,Belgrade,2022-02-02,120,7,14
1681,Belmopan,2022-02-02,51,63,63
1682,Bern,2022-02-02,105,44,44
1683,Beirut,2022-02-02,115,32,3
1684,Bishkek,2022-02-02,89,17,89
1685,Bogota,2022-02-02,640,57,57
1686,Bratislava,2022-02-02,14,7,7
1687,Brazzaville,2022-02-02,100,100,100
1688,Bridgetown,2022-02-02,449,24,387
1689,Brussels,2022-02-02,240,7,7
1690,Bucharest,2022-02-02,Emergency Appointments Only,Emergency Appointments Only,Emergency Appointments Only
1691,Budapest,2022-02-02,225,30,30
1692,Buenos Aires,2022-02-02,450,28,45
1693,Bujumbura,2022-02-02,9,2,9
1694,Cairo,2022-02-02,Emergency Appointments Only,Emergency Appointments Only,Emergency Appointments Only
1695,Calgary,2022-02-02,197,30,189
1696,Cape Town,2022-02-02,154,3,25
1697,Caracas,2022-02-02,Temporarily Closed,Temporarily Closed,Temporarily Closed
1698,Casablanca,2022-02-02,108,28,108
1699,Chisinau,2022-02-02,287,9,27
1700,Ciudad Juarez,2022-02-02,690,2,2
1701,Colombo,2022-02-02,100,4,200
1702,Cotonou,2022-02-02,999,20,20
1703,Dakar,2022-02-02,180,10,180
1704,Damascus,2022-02-02,Temporarily Closed,Temporarily Closed,Temporarily Closed
1705,Dar es Salaam,2022-02-02,57,51,51
1706,Dhaka,2022-02-02,153,15,15
1707,Djibouti,2022-02-02,200,90,90
1708,Doha,2022-02-02,60,2,3
1709,Dubai,2022-02-02,286,83,83
1710,Dublin,2022-02-02,109,7,71
1711,Frankfurt,2022-02-02,23,23,23
1712,Freetown,2022-02-02,65,65,65
1713,Georgetown,2022-02-02,499,8,Same Day
1714,Guangzhou,2022-02-02,10,10,10
1715,Guatemala City,2022-02-02,916,1,1
1716,Guayaquil,2022-02-02,619,8,11
1717,Hamilton,2022-02-02,90,30,90
1718,Havana,2022-02-02,Temporarily Closed,Temporarily Closed,Temporarily Closed
1719,Helsinki,2022-02-02,228,14,14
1720,Ho Chi Minh City,2022-02-02,248,78,77
1721,Hong Kong,2022-02-02,8,8,8
1722,Harare,2022-02-02,57,57,57
1723,Islamabad,2022-02-02,365,20,10
1724,Jakarta,2022-02-02,65,2,30
1725,Jerusalem,2022-02-02,130,2,2
1726,Johannesburg,2022-02-02,21,14,21
1727,Kabul,2022-02-02,Closed,Closed,Closed
1728,Kampala,2022-02-02,300,10,300
1729,Kathmandu,2022-02-02,Emergency Appointments Only,Emergency Appointments Only,Emergency Appointments Only
1730,Khartoum,2022-02-02,Emergency Appointments Only,Emergency Appointments Only,Emergency Appointments Only
1731,Kigali,2022-02-02,300,70,70
1732,Kingston,2022-02-02,Emergency Appointments Only,Emergency Appointments Only,Emergency Appointments Only
1733,Kinshasa,2022-02-02,441,8,441
1734,Kuala Lumpur,2022-02-02,22,16,28
1735,Kuwait City,2022-02-02,9,9,9
1736,Kyiv,2022-02-02,300,13,13
1737,Lagos,2022-02-02,824,345,34
1738,La Paz,2022-02-02,Temporarily Closed,Temporarily Closed,Temporarily Closed
1739,Libreville,2022-02-02,Temporarily Closed,Temporarily Closed,Temporarily Closed
1740,Lilongwe,2022-02-02,5,5,5
1741,Lima,2022-02-02,Emergency Appointments Only,Emergency Appointments Only,Emergency Appointments Only
1742,Ljubljana,2022-02-02,9,9,9
1743,Lome,2022-02-02,60,60,60
1744,London,2022-02-02,275,3,60
1745,Luanda,2022-02-02,64,7,1
1746,Lusaka,2022-02-02,57,4,57
1747,Madrid,2022-02-02,240,66,78
1748,Managua,2022-02-02,127,3,28
1749,Manama,2022-02-02,35,2,4
1750,Manila,2022-02-02,639,50,30
1751,Monrovia,2022-02-02,Emergency Appointments Only,Emergency Appointments Only,Emergency Appointments Only
1752,Montevideo,2022-02-02,164,10,11
1753,Montreal,2022-02-02,Emergency Appointments Only,Emergency Appointments Only,Emergency Appointments Only
1754,Moscow,2022-02-02,Emergency Appointments Only,Emergency Appointments Only,Emergency Appointments Only
1755,Mumbai,2022-02-02,999,2,10
1756,Muscat,2022-02-02,15,15,15
1757,Naha,2022-02-02,12,12,12
1758,Nairobi,2022-02-02,506,213,14
1759,Naples,2022-02-02,347,17,347
1760,Nassau,2022-02-02,66,2,66
1761,New Delhi,2022-02-02,999,70,66
1762,Niamey,2022-02-02,24,24,24
1763,Nicosia,2022-02-02,130,7,130
1764,Oslo,2022-02-02,164,63,64
1765,Ouagadougou,2022-02-02,90,90,90
1766,Panama City,2022-02-02,385,14,24
1767,Paramaribo,2022-02-02,60,2,60
1768,Paris,2022-02-02,190,10,30
1769,Phnom Penh,2022-02-02,8,7,7
1770,Prague,2022-02-02,360,18,18
1771,Praia,2022-02-02,Emergency Appointments Only,Emergency Appointments Only,Emergency Appointments Only
1772,Pristina,2022-02-02,Emergency Appointments Only,Emergency Appointments Only,Emergency Appointments Only
1773,Port Au Prince,2022-02-02,999,5,999
1774,Port Moresby,2022-02-02,1,1,1
1775,Port of Spain,2022-02-02,165,7,8
1776,Rangoon,2022-02-02,Emergency Appointments Only,Emergency Appointments Only,Emergency Appointments Only
1777,Reykjavik,2022-02-02,Emergency Appointments Only,Emergency Appointments Only,Emergency Appointments Only
1778,Riga,2022-02-02,2,1,2
1779,Rio de Janeiro,2022-02-02,183,1,6
1780,Riyadh,2022-02-02,57,4,57
1781,Sanaa,2022-02-02,Temporarily Closed,Temporarily Closed,Temporarily Closed
1782,San Jose,2022-02-02,415,9,86
1783,San Salvador,2022-02-02,343,2,2
1784,Santiago,2022-02-02,699,169,155
1785,Santo Domingo,2022-02-02,999,20,20
1786,Sarajevo,2022-02-02,180,10,15
1787,Seoul,2022-02-02,44,17,18
1788,Singapore,2022-02-02,8,7,3
1789,Skopje,2022-02-02,Emergency Appointments Only,Emergency Appointments Only,Emergency Appointments Only
1790,Sofia,2022-02-02,60,7,7
1791,Stockholm,2022-02-02,225,30,70
1792,Suva,2022-02-02,3,2,3
1793,Sydney,2022-02-02,91,91,161
1794,Taipei,2022-02-02,3,3,3
1795,Tallinn,2022-02-02,7,2,2
1796,Tashkent,2022-02-02,40,10,10
1797,Tbilisi,2022-02-02,666,29,22
1798,Tegucigalpa,2022-02-02,709,2,3
1799,Tel Aviv,2022-02-02,219,1,1
1800,Tirana,2022-02-02,568,8,8
1801,Tokyo,2022-02-02,56,2,1
1802,Tunis,2022-02-02,140,20,6
1803,Ulaanbaatar,2022-02-02,194,70,70
1804,Vancouver,2022-02-02,424,3,396
1805,Vienna,2022-02-02,144,5,11
1806,Vientiane,2022-02-02,Emergency Appointments Only,Emergency Appointments Only,Emergency Appointments Only
1807,Vilnius,2022-02-02,22,6,6
1808,Warsaw,2022-02-02,63,2,3
1809,Yaounde,2022-02-02,Emergency Appointments Only,Emergency Appointments Only,Emergency Appointments Only
1810,Yerevan,2022-02-02,675,423,7
1811,Zagreb,2022-02-02,1,1,1
1812,Abidjan,2022-01-24,Emergency Appointments Only,Emergency Appointments Only,Emergency Appointments Only
1813,Abu Dhabi,2022-01-24,230,95,20
1814,Accra,2022-01-24,654,276,654
1815,Addis Ababa,2022-01-24,561,185,185
1816,Algiers,2022-01-24,65,10,10
1817,Almaty,2022-01-24,295,30,19
1818,Amman,2022-01-24,721,49,721
1819,Amsterdam,2022-01-24,285,72,224
1820,Ankara,2022-01-24,Emergency Appointments Only,Emergency Appointments Only,Emergency Appointments Only
1821,Antananarivo,2022-01-24,Emergency Appointments Only,Emergency Appointments Only,Emergency Appointments Only
1822,Ashgabat,2022-01-24,Emergency Appointments Only,Emergency Appointments Only,Emergency Appointments Only
1823,Asmara,2022-01-24,7,7,7
1824,Asuncion,2022-01-24,202,14,6
1825,Athens,2022-01-24,90,45,45
1826,Auckland,2022-01-24,38,38,38
1827,Baghdad,2022-01-24,Closed,Closed,Closed
1828,Bangkok,2022-01-24,56,3,8
1829,Banjul,2022-01-24,120,21,21
1830,Beirut,2022-01-24,308,4,4
1831,Belgrade,2022-01-24,120,5,20
1832,Belmopan,2022-01-24,58,323,323
1833,Bern,2022-01-24,82,57,57
1834,Beirut,2022-01-24,308,4,4
1835,Bishkek,2022-01-24,73,28,73
1836,Bogota,2022-01-24,543,50,54
1837,Bratislava,2022-01-24,14,14,14
1838,Brazzaville,2022-01-24,100,100,100
1839,Bridgetown,2022-01-24,440,19,378
1840,Brussels,2022-01-24,240,5,70
1841,Bucharest,2022-01-24,Emergency Appointments Only,Emergency Appointments Only,Emergency Appointments Only
1842,Budapest,2022-01-24,225,30,30
1843,Buenos Aires,2022-01-24,450,5,5
1844,Bujumbura,2022-01-24,Emergency Appointments Only,Emergency Appointments Only,Emergency Appointments Only
1845,Cairo,2022-01-24,Emergency Appointments Only,Emergency Appointments Only,Emergency Appointments Only
1846,Calgary,2022-01-24,197,30,189
1847,Cape Town,2022-01-24,41,7,20
1848,Caracas,2022-01-24,Temporarily Closed,Temporarily Closed,Temporarily Closed
1849,Casablanca,2022-01-24,105,9,105
1850,Chisinau,2022-01-24,232,8,6
1851,Ciudad Juarez,2022-01-24,689,2,13
1852,Colombo,2022-01-24,100,4,200
1853,Cotonou,2022-01-24,Emergency Appointments Only,Emergency Appointments Only,Emergency Appointments Only
1854,Dakar,2022-01-24,180,10,180
1855,Damascus,2022-01-24,Temporarily Closed,Temporarily Closed,Temporarily Closed
1856,Dar es Salaam,2022-01-24,57,44,57
1857,Dhaka,2022-01-24,161,16,16
1858,Djibouti,2022-01-24,200,90,90
1859,Doha,2022-01-24,Emergency Appointments Only,Emergency Appointments Only,Emergency Appointments Only
1860,Dubai,2022-01-24,286,83,83
1861,Dublin,2022-01-24,115,115,84
1862,Frankfurt,2022-01-24,180,101,101
1863,Freetown,2022-01-24,77,77,77
1864,Georgetown,2022-01-24,474,Same Day,Same Day
1865,Guangzhou,2022-01-24,4,4,4
1866,Guatemala City,2022-01-24,861,1,1
1867,Guayaquil,2022-01-24,581,14,3
1868,Hamilton,2022-01-24,90,30,90
1869,Havana,2022-01-24,Temporarily Closed,Temporarily Closed,Temporarily Closed
1870,Helsinki,2022-01-24,64,21,43
1871,Ho Chi Minh City,2022-01-24,242,79,75
1872,Hong Kong,2022-01-24,3,2,2
1873,Harare,2022-01-24,43,43,43
1874,Islamabad,2022-01-24,365,20,10
1875,Jakarta,2022-01-24,70,2,24
1876,Jerusalem,2022-01-24,130,2,2
1877,Johannesburg,2022-01-24,14,14,14
1878,Kabul,2022-01-24,Closed,Closed,Closed
1879,Kampala,2022-01-24,300,10,365
1880,Kathmandu,2022-01-24,Emergency Appointments Only,Emergency Appointments Only,Emergency Appointments Only
1881,Khartoum,2022-01-24,Emergency Appointments Only,Emergency Appointments Only,Emergency Appointments Only
1882,Kigali,2022-01-24,300,70,70
1883,Kingston,2022-01-24,Emergency Appointments Only,Emergency Appointments Only,Emergency Appointments Only
1884,Kinshasa,2022-01-24,384,20,384
1885,Kuala Lumpur,2022-01-24,28,23,30
1886,Kuwait City,2022-01-24,10,10,10
1887,Kyiv,2022-01-24,300,6,5
1888,Lagos,2022-01-24,824,345,34
1889,La Paz,2022-01-24,Emergency Appointments Only,Emergency Appointments Only,Emergency Appointments Only
1890,Libreville,2022-01-24,Temporarily Closed,Temporarily Closed,Temporarily Closed
1891,Lilongwe,2022-01-24,11,11,11
1892,Lima,2022-01-24,Emergency Appointments Only,Emergency Appointments Only,Emergency Appointments Only
1893,Ljubljana,2022-01-24,9,9,9
1894,Lome,2022-01-24,60,60,60
1895,London,2022-01-24,275,3,60
1896,Luanda,2022-01-24,58,9,2
1897,Lusaka,2022-01-24,71,9,71
1898,Madrid,2022-01-24,142,37,77
1899,Managua,2022-01-24,98,6,30
1900,Manama,2022-01-24,45,6,8
1901,Manila,2022-01-24,616,18,18
1902,Monrovia,2022-01-24,Emergency Appointments Only,Emergency Appointments Only,Emergency Appointments Only
1903,Montevideo,2022-01-24,137,14,14
1904,Montreal,2022-01-24,Emergency Appointments Only,Emergency Appointments Only,Emergency Appointments Only
1905,Moscow,2022-01-24,Emergency Appointments Only,Emergency Appointments Only,Emergency Appointments Only
1906,Mumbai,2022-01-24,999,38,23
1907,Muscat,2022-01-24,16,16,16
1908,Naha,2022-01-24,12,12,12
1909,Nairobi,2022-01-24,483,216,23
1910,Naples,2022-01-24,354,24,354
1911,Nassau,2022-01-24,64,9,64
1912,New Delhi,2022-01-24,999,70,67
1913,Niamey,2022-01-24,24,24,24
1914,Nicosia,2022-01-24,130,7,130
1915,Oslo,2022-01-24,251,69,70
1916,Ouagadougou,2022-01-24,90,90,90
1917,Panama City,2022-01-24,385,14,24
1918,Paramaribo,2022-01-24,60,5,60
1919,Paris,2022-01-24,196,9,70
1920,Phnom Penh,2022-01-24,14,7,7
1921,Prague,2022-01-24,360,9,30
1922,Praia,2022-01-24,Emergency Appointments Only,Emergency Appointments Only,Emergency Appointments Only
1923,Pristina,2022-01-24,Emergency Appointments Only,Emergency Appointments Only,Emergency Appointments Only
1924,Port Au Prince,2022-01-24,999,5,999
1925,Port Moresby,2022-01-24,1,1,1
1926,Port of Spain,2022-01-24,150,7,8
1927,Rangoon,2022-01-24,Emergency Appointments Only,Emergency Appointments Only,Emergency Appointments Only
1928,Reykjavik,2022-01-24,Emergency Appointments Only,Emergency Appointments Only,Emergency Appointments Only
1929,Riga,2022-01-24,2,1,2
1930,Rio de Janeiro,2022-01-24,134,13,7
1931,Riyadh,2022-01-24,71,9,71
1932,Sanaa,2022-01-24,Temporarily Closed,Temporarily Closed,Temporarily Closed
1933,San Jose,2022-01-24,405,20,97
1934,San Salvador,2022-01-24,345,2,2
1935,Santiago,2022-01-24,712,118,160
1936,Santo Domingo,2022-01-24,999,20,20
1937,Sarajevo,2022-01-24,180,10,15
1938,Seoul,2022-01-24,44,17,18
1939,Singapore,2022-01-24,3,3,2
1940,Skopje,2022-01-24,Emergency Appointments Only,Emergency Appointments Only,Emergency Appointments Only
1941,Sofia,2022-01-24,60,9,7
1942,Stockholm,2022-01-24,188,42,63
1943,Suva,2022-01-24,3,2,3
1944,Sydney,2022-01-24,91,91,161
1945,Taipei,2022-01-24,2,2,3
1946,Tallinn,2022-01-24,7,2,2
1947,Tashkent,2022-01-24,40,10,10
1948,Tbilisi,2022-01-24,666,29,22
1949,Tegucigalpa,2022-01-24,685,2,2
1950,Tel Aviv,2022-01-24,226,1,1
1951,Tirana,2022-01-24,561,14,14
1952,Tokyo,2022-01-24,59,1,8
1953,Tunis,2022-01-24,180,35,10
1954,Ulaanbaatar,2022-01-24,194,70,70
1955,Vancouver,2022-01-24,436,35,400
1956,Vienna,2022-01-24,14,9,12
1957,Vientiane,2022-01-24,Emergency Appointments Only,Emergency Appointments Only,Emergency Appointments Only
1958,Vilnius,2022-01-24,21,6,13
1959,Warsaw,2022-01-24,57,2,2
1960,Yaounde,2022-01-24,Emergency Appointments Only,Emergency Appointments Only,Emergency Appointments Only
1961,Yerevan,2022-01-24,715,55,85
1962,Zagreb,2022-01-24,1,3,1
